40.000,-50.479,9.687,97.773,-8.956,43.459,9.028,-36.270,-35.527,-45.000,87.168,43.387,56.903,-48.731
40.000,-50.518,9.355,97.812,-8.651,43.408,8.554,-36.523,-35.410,-45.000,86.953,43.409,56.996,-48.873
40.000,-50.576,9.004,97.871,-8.324,43.356,8.051,-36.777,-35.322,-45.020,86.758,43.420,57.104,-49.031
40.000,-50.615,8.672,97.910,-8.018,43.309,7.575,-37.012,-35.254,-45.029,86.611,43.429,57.180,-49.191
40.000,-50.674,8.340,97.969,-7.708,43.263,7.099,-37.363,-35.254,-44.873,86.436,43.269,57.201,-49.264
40.000,-50.752,8.008,98.066,-7.398,43.199,6.624,-37.598,-35.195,-44.873,86.299,43.267,57.268,-49.419
40.000,-50.811,7.656,98.145,-7.073,43.135,6.122,-37.910,-35.166,-44.775,86.143,43.175,57.299,-49.536
40.000,-50.869,7.324,98.242,-6.768,43.056,5.650,-38.203,-35.166,-44.678,86.045,43.080,57.304,-49.665
40.000,-50.947,6.992,98.359,-6.460,42.979,5.176,-38.516,-35.166,-44.561,85.928,42.965,57.310,-49.781
40.000,-51.025,6.660,98.477,-6.151,42.903,4.701,-38.711,-35.088,-44.639,85.830,43.042,57.391,-50.006
40.000,-51.104,6.328,98.594,-5.843,42.830,4.225,-38.984,-35.088,-44.580,85.752,42.976,57.408,-50.166
40.000,-51.182,6.016,98.730,-5.555,42.740,3.779,-39.258,-35.088,-44.521,85.674,42.911,57.426,-50.325
40.000,-51.279,5.684,98.887,-5.246,42.650,3.304,-39.570,-35.127,-44.385,85.615,42.772,57.398,-50.451
40.000,-51.377,5.352,99.062,-4.939,42.543,2.829,-39.883,-35.186,-44.229,85.576,42.613,57.354,-50.565
40.000,-51.465,5.020,99.238,-4.634,42.427,2.354,-40.156,-35.205,-44.150,85.537,42.534,57.341,-50.729
40.000,-51.553,4.707,99.395,-4.345,42.335,1.905,-40.469,-35.283,-43.994,85.537,42.371,57.280,-50.863
40.000,-51.670,4.395,99.609,-4.056,42.214,1.456,-40.781,-35.361,-43.838,85.537,42.209,57.220,-50.998
40.000,-51.777,4.072,99.824,-3.759,42.085,0.993,-41.094,-35.439,-43.682,85.537,42.046,57.160,-51.131
40.000,-51.875,3.760,100.020,-3.471,41.968,0.541,-41.406,-35.518,-43.525,85.557,41.891,57.086,-51.280
40.000,-51.992,3.447,100.254,-3.182,41.833,0.090,-41.641,-35.537,-43.486,85.576,41.859,57.057,-51.485
40.000,-52.109,3.135,100.488,-2.894,41.699,-0.364,-41.758,-35.459,-43.662,85.596,42.041,57.115,-51.815
40.000,-52.227,2.842,100.723,-2.623,41.568,-0.790,-41.855,-35.381,-43.857,85.635,42.243,57.172,-52.157
40.000,-52.344,2.529,100.957,-2.335,41.437,-1.246,-41.953,-35.303,-44.072,85.674,42.454,57.243,-52.515
40.000,-52.480,2.236,101.230,-2.064,41.290,-1.675,-42.148,-35.342,-44.072,85.752,42.450,57.207,-52.753
40.000,-52.617,1.943,101.504,-1.793,41.143,-2.105,-42.451,-35.469,-43.896,85.850,42.271,57.089,-52.912
40.000,-52.754,1.650,101.777,-1.523,40.998,-2.537,-42.754,-35.615,-43.701,85.957,42.067,56.962,-53.050
40.000,-52.891,1.357,102.070,-1.252,40.835,-2.970,-43.057,-35.771,-43.506,86.094,41.865,56.819,-53.206
40.000,-53.027,1.084,102.363,-1.000,40.673,-3.375,-43.369,-35.947,-43.291,86.230,41.633,56.675,-53.341
40.000,-53.164,0.811,102.656,-0.748,40.513,-3.783,-43.662,-36.104,-43.096,86.387,41.440,56.518,-53.499
40.000,-53.320,0.537,102.988,-0.496,40.334,-4.191,-43.916,-36.240,-42.979,86.543,41.309,56.403,-53.698
40.000,-53.457,0.264,103.301,-0.243,40.157,-4.602,-44.141,-36.338,-42.900,86.699,41.238,56.290,-53.923
40.000,-53.613,-0.010,103.613,0.009,40.000,-5.015,-44.199,-36.338,-43.096,86.895,41.433,56.272,-54.312
40.000,-53.770,-0.264,103.965,0.243,39.805,-5.400,-44.473,-36.494,-42.939,87.070,41.270,56.127,-54.499
40.000,-53.926,-0.518,104.316,0.478,39.611,-5.787,-44.629,-36.572,-42.959,87.266,41.290,56.037,-54.785
40.000,-54.082,-0.771,104.648,0.712,39.438,-6.175,-44.785,-36.680,-42.959,87.490,41.283,55.930,-55.060
40.000,-54.238,-1.025,105.000,0.947,39.246,-6.566,-44.951,-36.787,-42.959,87.715,41.277,55.822,-55.346
40.000,-54.414,-1.260,105.391,1.164,39.036,-6.929,-45.107,-36.885,-42.959,87.930,41.276,55.716,-55.618
40.000,-54.570,-1.494,105.742,1.381,38.845,-7.293,-45.264,-37.002,-42.959,88.184,41.274,55.591,-55.912
40.000,-54.746,-1.729,106.133,1.598,38.636,-7.660,-45.420,-37.119,-42.959,88.437,41.271,55.467,-56.204
40.000,-54.922,-1.943,106.523,1.797,38.428,-7.998,-45.576,-37.236,-42.939,88.672,41.249,55.343,-56.464
40.000,-55.098,-2.178,106.895,2.013,38.240,-8.368,-45.732,-37.363,-42.939,88.945,41.246,55.209,-56.766
40.000,-55.273,-2.373,107.285,2.194,38.032,-8.679,-45.693,-37.363,-43.232,89.238,41.538,55.183,-57.231
40.000,-55.449,-2.588,107.695,2.394,37.805,-9.024,-45.850,-37.520,-43.193,89.531,41.494,55.024,-57.497
40.000,-55.645,-2.783,108.125,2.575,37.579,-9.340,-45.850,-37.520,-43.428,89.805,41.745,54.975,-57.933
40.000,-55.820,-2.979,108.516,2.757,37.373,-9.656,-45.889,-37.598,-43.564,90.117,41.883,54.875,-58.305
40.000,-55.996,-3.174,108.926,2.939,37.147,-9.975,-45.830,-37.588,-43.877,90.430,42.202,54.847,-58.792
40.000,-56.191,-3.350,109.355,3.102,36.922,-10.265,-45.869,-37.666,-44.014,90.742,42.339,54.749,-59.165
40.000,-56.377,-3.525,109.775,3.266,36.696,-10.557,-45.908,-37.744,-44.150,91.055,42.476,54.652,-59.539
40.000,-56.572,-3.701,110.205,3.430,36.471,-10.849,-45.908,-37.822,-44.326,91.406,42.651,54.552,-59.942
40.000,-56.768,-3.857,110.654,3.577,36.226,-11.115,-45.928,-37.900,-44.482,91.758,42.817,54.440,-60.348
40.000,-56.963,-4.014,111.084,3.722,36.001,-11.379,-45.928,-37.979,-44.639,92.109,42.982,54.328,-60.734
40.000,-57.158,-4.170,111.533,3.870,35.756,-11.647,-45.928,-38.057,-44.814,92.461,43.156,54.230,-61.140
40.000,-57.354,-4.287,111.982,3.981,35.509,-11.854,-45.928,-38.145,-44.971,92.812,43.311,54.124,-61.522
40.000,-57.549,-4.443,112.432,4.129,35.265,-12.125,-45.928,-38.242,-45.127,93.203,43.474,53.995,-61.931
40.000,-57.744,-4.561,112.881,4.241,35.019,-12.334,-45.898,-38.320,-45.303,93.574,43.658,53.885,-62.326
40.000,-57.959,-4.678,113.350,4.351,34.773,-12.544,-45.898,-38.437,-45.439,93.984,43.801,53.739,-62.724
40.000,-58.154,-4.795,113.799,4.463,34.527,-12.755,-45.898,-38.555,-45.557,94.375,43.925,53.593,-63.088
40.000,-58.350,-4.893,114.268,4.560,34.260,-12.939,-45.898,-38.691,-45.674,94.785,44.037,53.442,-63.458
40.000,-58.564,-4.990,114.736,4.652,34.012,-13.119,-45.898,-38.848,-45.771,95.215,44.130,53.273,-63.814
40.000,-58.760,-5.068,115.186,4.729,33.764,-13.270,-45.918,-39.004,-45.850,95.645,44.215,53.090,-64.173
40.000,-58.975,-5.146,115.654,4.803,33.515,-13.421,-45.762,-39.004,-46.201,96.035,44.572,53.055,-64.671
40.000,-59.170,-5.225,116.123,4.883,33.247,-13.576,-45.820,-39.238,-46.162,96.504,44.540,52.797,-64.948
40.000,-59.365,-5.283,116.572,4.942,32.997,-13.697,-45.664,-39.238,-46.514,96.914,44.906,52.751,-65.466
40.000,-59.580,-5.342,117.041,4.999,32.747,-13.818,-45.654,-39.395,-46.592,97.344,44.992,52.568,-65.799
40.000,-59.775,-5.381,117.510,5.044,32.476,-13.911,-45.645,-39.561,-46.670,97.783,45.073,52.381,-66.134
40.000,-59.990,-5.420,117.979,5.083,32.225,-14.000,-45.684,-39.795,-46.650,98.252,45.052,52.133,-66.410
40.000,-60.186,-5.459,118.447,5.128,31.954,-14.094,-45.723,-40.029,-46.631,98.721,45.032,51.884,-66.686
40.000,-60.400,-5.479,118.916,5.149,31.700,-14.151,-45.762,-40.264,-46.611,99.189,45.012,51.634,-66.961
40.000,-60.596,-5.479,119.385,5.158,31.426,-14.181,-45.762,-40.498,-46.611,99.678,45.013,51.383,-67.232
40.000,-60.811,-5.479,119.854,5.161,31.172,-14.205,-45.801,-40.732,-46.592,100.146,44.995,51.131,-67.506
40.000,-61.006,-5.479,120.322,5.171,30.898,-14.235,-45.801,-40.967,-46.592,100.615,44.986,50.892,-67.758
40.000,-61.221,-5.459,120.791,5.156,30.641,-14.227,-45.801,-41.201,-46.592,101.123,45.001,50.624,-68.045
40.000,-61.416,-5.439,121.240,5.144,30.385,-14.221,-45.801,-41.436,-46.592,101.592,44.994,50.383,-68.296
40.000,-61.631,-5.400,121.709,5.112,30.127,-14.179,-45.801,-41.670,-46.592,102.080,44.999,50.127,-68.565
40.000,-61.826,-5.361,122.158,5.082,29.870,-14.139,-45.801,-41.904,-46.572,102.549,44.986,49.870,-68.798
40.000,-62.021,-5.303,122.627,5.037,29.591,-14.069,-45.781,-42.158,-46.572,103.057,44.982,49.605,-69.049
40.000,-62.217,-5.225,123.057,4.968,29.350,-13.958,-45.781,-42.393,-46.553,103.545,44.983,49.333,-69.299
40.000,-62.412,-5.146,123.525,4.905,29.071,-13.853,-45.742,-42.646,-46.553,104.053,44.981,49.066,-69.530
40.000,-62.627,-5.068,123.975,4.832,28.830,-13.739,-45.742,-42.900,-46.514,104.521,44.941,48.799,-69.727
40.000,-62.803,-4.971,124.404,4.750,28.569,-13.598,-45.703,-43.154,-46.514,105.029,44.941,48.530,-69.957
40.000,-62.998,-4.873,124.834,4.662,28.327,-13.450,-45.664,-43.389,-46.514,105.537,44.966,48.253,-70.203
40.000,-63.193,-4.756,125.283,4.558,28.065,-13.271,-45.664,-43.701,-46.436,106.045,44.868,47.949,-70.351
40.000,-63.389,-4.619,125.713,4.433,27.821,-13.054,-45.664,-43.975,-46.357,106.533,44.807,47.645,-70.511
40.000,-63.564,-4.482,126.143,4.313,27.558,-12.840,-45.723,-44.307,-46.201,107.021,44.647,47.307,-70.606
40.000,-63.740,-4.326,126.553,4.171,27.314,-12.588,-45.723,-44.619,-46.104,107.529,44.545,46.987,-70.729
40.000,-63.916,-4.170,126.963,4.029,27.070,-12.335,-45.762,-44.951,-45.947,108.037,44.399,46.634,-70.818
40.000,-64.092,-4.014,127.373,3.886,26.827,-12.080,-45.762,-45.264,-45.850,108.545,44.298,46.312,-70.937
40.000,-64.268,-3.818,127.764,3.702,26.602,-11.752,-45.801,-45.596,-45.674,109.053,44.148,45.945,-71.001
40.000,-64.434,-3.643,128.164,3.541,26.358,-11.460,-45.801,-45.908,-45.557,109.561,44.042,45.609,-71.097
40.000,-64.609,-3.428,128.555,3.337,26.133,-11.094,-45.723,-46.162,-45.557,110.029,44.027,45.357,-71.241
40.000,-64.766,-3.232,128.945,3.156,25.890,-10.764,-45.684,-46.455,-45.479,110.537,43.963,45.038,-71.350
40.000,-64.922,-2.998,129.316,2.934,25.665,-10.361,-45.684,-46.768,-45.322,111.025,43.835,44.688,-71.385
40.000,-65.078,-2.764,129.687,2.711,25.441,-9.955,-45.586,-47.021,-45.322,111.494,43.823,44.433,-71.506
40.000,-65.234,-2.510,130.039,2.466,25.237,-9.510,-45.371,-47.178,-45.479,111.963,43.993,44.247,-71.755
40.000,-65.391,-2.256,130.391,2.220,25.033,-9.063,-45.371,-47.490,-45.322,112.451,43.868,43.895,-71.786
40.000,-65.547,-1.982,130.742,1.954,24.830,-8.578,-45.352,-47.803,-45.176,112.920,43.734,43.562,-71.785
40.000,-65.664,-1.709,131.074,1.691,24.609,-8.095,-45.352,-48.174,-44.980,113.428,43.532,43.189,-71.734
40.000,-65.820,-1.436,131.406,1.422,24.427,-7.604,-45.234,-48.408,-44.961,113.896,43.546,42.911,-71.833
40.000,-65.937,-1.123,131.719,1.116,24.227,-7.043,-45.234,-48.721,-44.785,114.346,43.389,42.574,-71.796
40.000,-66.074,-0.811,132.031,0.807,24.047,-6.478,-45.195,-49.053,-44.629,114.814,43.226,42.240,-71.735
40.000,-66.191,-0.498,132.305,0.496,23.888,-5.910,-45.059,-49.287,-44.629,115.264,43.234,41.987,-71.811
40.000,-66.309,-0.166,132.617,0.166,23.692,-5.304,-44.902,-49.502,-44.629,115.713,43.272,41.726,-71.888
40.000,-66.426,0.166,132.891,-0.166,23.535,-4.695,-44.824,-49.795,-44.512,116.162,43.164,41.417,-71.844
40.000,-66.523,0.518,133.145,-0.520,23.381,-4.048,-44.512,-49.873,-44.727,116.553,43.419,41.289,-72.064
40.000,-66.621,0.869,133.398,-0.874,23.227,-3.399,-44.160,-49.951,-44.961,116.963,43.696,41.159,-72.287
40.000,-66.699,1.240,133.633,-1.252,23.076,-2.709,-43.867,-50.068,-45.137,117.354,43.884,41.019,-72.448
40.000,-66.797,1.631,133.867,-1.648,22.947,-1.983,-43.555,-50.186,-45.293,117.764,44.084,40.852,-72.593
40.000,-66.895,2.002,134.102,-2.026,22.818,-1.291,-43.242,-50.303,-45.469,118.154,44.273,40.712,-72.737
40.000,-66.973,2.393,134.297,-2.424,22.712,-0.562,-42.812,-50.303,-45.781,118.506,44.640,40.654,-72.986
40.000,-67.031,2.783,134.492,-2.828,22.588,0.174,-42.383,-50.322,-46.094,118.877,44.992,40.589,-73.234
40.000,-67.109,3.193,134.687,-3.248,22.486,0.944,-41.875,-50.283,-46.504,119.229,45.438,40.586,-73.543
40.000,-67.148,3.623,134.844,-3.694,22.388,1.756,-41.445,-50.283,-46.816,119.561,45.784,40.549,-73.771
40.000,-67.207,4.033,135.000,-4.116,22.310,2.528,-41.094,-50.361,-46.973,119.912,45.995,40.418,-73.864
40.000,-67.246,4.463,135.156,-4.566,22.216,3.345,-40.723,-50.439,-47.168,120.264,46.215,40.313,-73.975
40.000,-67.305,4.893,135.293,-5.004,22.162,4.152,-40.371,-50.518,-47.324,120.576,46.394,40.210,-74.027
40.000,-67.344,5.322,135.410,-5.447,22.112,4.962,-40.059,-50.615,-47.441,120.889,46.537,40.086,-74.060
40.000,-67.344,5.771,135.508,-5.924,22.046,5.822,-39.805,-50.771,-47.441,121.221,46.585,39.888,-73.998
40.000,-67.383,6.201,135.605,-6.362,22.019,6.628,-39.492,-50.889,-47.520,121.533,46.692,39.743,-73.974
40.000,-67.383,6.670,135.684,-6.854,21.979,7.521,-39.180,-51.006,-47.598,121.846,46.800,39.599,-73.950
40.000,-67.383,7.119,135.742,-7.322,21.960,8.373,-38.867,-51.123,-47.676,122.119,46.874,39.480,-73.882
40.000,-67.383,7.568,135.781,-7.784,21.962,9.217,-38.594,-51.279,-47.676,122.412,46.892,39.307,-73.759
40.000,-67.383,8.037,135.840,-8.270,21.950,10.105,-38.320,-51.396,-47.676,122.686,46.954,39.140,-73.659
40.000,-67.383,8.486,135.859,-8.723,21.977,10.940,-38.047,-51.553,-47.656,122.959,46.952,38.968,-73.495
40.000,-67.344,8.955,135.859,-9.214,21.990,11.828,-37.812,-51.709,-47.598,123.193,46.910,38.798,-73.289
40.000,-67.305,9.404,135.859,-9.687,22.004,12.681,-37.529,-51.826,-47.598,123.428,46.938,38.657,-73.136
40.000,-67.285,9.873,135.859,-10.162,22.042,13.554,-37.217,-51.943,-47.637,123.662,46.974,38.540,-72.988
40.000,-67.246,10.322,135.820,-10.615,22.100,14.385,-36.914,-52.061,-47.637,123.896,47.004,38.398,-72.816
40.000,-67.207,10.791,135.781,-11.085,22.163,15.250,-36.602,-52.139,-47.656,124.092,47.063,38.289,-72.654
40.000,-67.129,11.240,135.703,-11.552,22.228,16.091,-36.289,-52.236,-47.656,124.287,47.089,38.171,-72.450
39.980,-67.070,11.709,135.625,-12.018,22.317,16.928,-35.977,-52.314,-47.676,124.443,47.112,38.089,-72.242
39.980,-66.992,12.158,135.547,-12.482,22.388,17.765,-35.664,-52.393,-47.676,124.619,47.152,37.981,-72.040
40.000,-66.934,12.588,135.469,-12.906,22.476,18.565,-35.352,-52.471,-47.676,124.775,47.173,37.886,-71.815
40.000,-66.855,13.018,135.352,-13.327,22.588,19.339,-35.039,-52.549,-47.676,124.912,47.176,37.805,-71.566
40.000,-66.777,13.467,135.215,-13.752,22.723,20.132,-35.195,-53.018,-47.051,125.107,46.506,37.371,-70.781
39.961,-66.660,13.936,135.078,-14.235,22.830,20.956,-35.059,-53.213,-46.816,125.244,46.279,37.170,-70.336
39.961,-66.562,14.365,134.922,-14.647,22.970,21.715,-34.902,-53.389,-46.582,125.361,46.064,36.981,-69.871
40.000,-66.465,14.756,134.766,-15.021,23.105,22.440,-34.922,-53.701,-46.152,125.498,45.606,36.691,-69.237
40.000,-66.348,15.146,134.590,-15.404,23.244,23.132,-34.883,-53.936,-45.762,125.596,45.239,36.441,-68.630
40.000,-66.230,15.576,134.395,-15.807,23.411,23.874,-34.805,-54.150,-45.449,125.693,44.916,36.235,-68.080
40.000,-66.113,15.967,134.199,-16.172,23.574,24.545,-34.844,-54.424,-44.980,125.771,44.441,35.969,-67.386
40.000,-65.957,16.357,133.965,-16.558,23.742,25.229,-34.844,-54.697,-44.551,125.850,43.967,35.731,-66.684
40.000,-65.840,16.748,133.750,-16.905,23.928,25.879,-34.805,-54.893,-44.160,125.908,43.607,35.515,-66.057
40.000,-65.684,17.139,133.516,-17.287,24.102,26.555,-34.805,-55.127,-43.730,125.947,43.149,35.305,-65.347
40.000,-65.547,17.490,133.262,-17.594,24.304,27.125,-34.785,-55.322,-43.340,125.986,42.760,35.110,-64.704
40.000,-65.391,17.861,133.008,-17.941,24.497,27.746,-34.785,-55.518,-42.930,125.986,42.325,34.938,-64.010
40.000,-65.234,18.213,132.734,-18.256,24.706,28.316,-34.727,-55.674,-42.578,125.986,41.966,34.790,-63.367
40.000,-65.078,18.564,132.461,-18.568,24.917,28.883,-34.746,-55.869,-42.148,125.986,41.515,34.615,-62.660
39.980,-64.902,18.916,132.148,-18.877,25.151,29.419,-34.746,-56.025,-41.738,125.947,41.093,34.472,-61.959
40.000,-64.727,19.229,131.855,-19.165,25.359,29.942,-34.746,-56.182,-41.328,125.908,40.667,34.333,-61.252
40.000,-64.570,19.541,131.543,-19.412,25.603,30.403,-34.746,-56.338,-40.918,125.869,40.237,34.197,-60.541
40.000,-64.375,19.854,131.230,-19.710,25.818,30.907,-34.668,-56.416,-40.625,125.791,39.935,34.130,-59.941
40.312,-64.258,19.736,130.918,-19.556,25.987,30.930,-34.590,-56.494,-40.332,125.693,39.613,34.080,-59.317
40.625,-64.141,19.619,130.586,-19.390,26.175,30.939,-34.531,-56.572,-40.020,125.596,39.282,34.021,-58.689
40.937,-64.023,19.502,130.273,-19.238,26.345,30.964,-34.473,-56.650,-39.707,125.479,38.932,33.980,-58.038
41.250,-63.887,19.385,129.922,-19.087,26.535,30.985,-34.355,-56.670,-39.473,125.342,38.687,33.974,-57.474
41.250,-63.691,19.619,129.551,-19.282,26.785,31.315,-34.355,-56.748,-39.102,125.205,38.293,33.922,-56.789
41.250,-63.496,19.873,129.199,-19.505,27.022,31.688,-34.355,-56.807,-38.750,125.049,37.919,33.890,-56.131
41.250,-63.301,20.107,128.809,-19.686,27.292,31.999,-34.238,-56.807,-38.535,124.893,37.692,33.906,-55.592
41.250,-63.105,20.342,128.418,-19.866,27.564,32.307,-34.199,-56.846,-38.223,124.697,37.327,33.921,-54.922
41.230,-62.891,20.576,128.027,-20.070,27.820,32.614,-34.160,-56.846,-37.949,124.502,37.040,33.940,-54.350
41.230,-62.695,20.791,127.637,-20.232,28.089,32.886,-34.121,-56.865,-37.637,124.307,36.704,33.950,-53.706
41.230,-62.461,20.986,127.227,-20.416,28.339,33.154,-33.809,-56.709,-37.715,124.053,36.765,34.125,-53.423
41.387,-62.305,20.967,126.836,-20.346,28.575,33.167,-33.496,-56.553,-37.812,123.799,36.833,34.310,-53.163
41.543,-62.129,20.928,126.426,-20.275,28.808,33.158,-33.203,-56.396,-37.891,123.525,36.876,34.501,-52.878
41.699,-61.953,20.908,126.016,-20.219,29.046,33.179,-33.203,-56.396,-37.578,123.291,36.540,34.533,-52.262
41.855,-61.758,20.869,125.586,-20.161,29.281,33.178,-33.203,-56.357,-37.305,123.018,36.249,34.600,-51.702
41.875,-61.562,20.986,125.156,-20.225,29.560,33.283,-33.203,-56.338,-36.992,122.744,35.909,34.658,-51.071
41.875,-61.348,21.104,124.727,-20.312,29.824,33.389,-33.203,-56.299,-36.719,122.471,35.616,34.727,-50.512
41.855,-61.113,21.260,124.277,-20.442,30.102,33.540,-33.281,-56.299,-36.367,122.178,35.211,34.793,-49.868
41.855,-60.898,21.377,123.828,-20.518,30.384,33.629,-33.281,-56.221,-36.113,121.865,34.954,34.888,-49.343
41.855,-60.684,21.494,123.398,-20.605,30.649,33.730,-33.398,-56.221,-35.703,121.553,34.504,34.946,-48.648
41.855,-60.449,21.592,122.930,-20.678,30.929,33.793,-33.457,-56.182,-35.391,121.240,34.159,35.034,-48.064
41.914,-60.254,21.592,122.480,-20.642,31.193,33.739,-33.535,-56.143,-35.059,120.928,33.804,35.114,-47.475
41.973,-60.059,21.592,122.051,-20.618,31.439,33.698,-33.711,-56.123,-34.629,120.596,33.355,35.176,-46.822
42.051,-59.863,21.553,121.582,-20.543,31.709,33.592,-33.789,-56.064,-34.316,120.244,33.008,35.292,-46.245
42.070,-59.648,21.592,121.113,-20.550,31.987,33.565,-33.945,-56.025,-33.926,119.893,32.591,35.383,-45.627
42.070,-59.414,21.650,120.645,-20.595,32.255,33.566,-34.102,-55.986,-33.516,119.541,32.162,35.468,-44.985
42.031,-59.180,21.748,120.186,-20.675,32.526,33.592,-34.277,-55.928,-33.125,119.170,31.757,35.569,-44.394
42.031,-58.984,21.768,119.736,-20.658,32.795,33.509,-34.160,-55.732,-33.125,118.760,31.731,35.806,-44.129
42.031,-58.770,21.807,119.268,-20.667,33.073,33.460,-34.043,-55.537,-33.125,118.350,31.706,36.043,-43.865
42.031,-58.535,21.807,118.799,-20.668,33.323,33.370,-33.789,-55.264,-33.320,117.920,31.883,36.341,-43.782
42.031,-58.340,21.807,118.330,-20.628,33.604,33.245,-33.516,-54.971,-33.574,117.471,32.105,36.674,-43.753
42.031,-58.105,21.807,117.861,-20.630,33.854,33.155,-33.242,-54.678,-33.809,117.021,32.316,36.998,-43.696
42.031,-57.910,21.807,117.393,-20.591,34.135,33.031,-33.281,-54.521,-33.672,116.592,32.151,37.208,-43.354
42.031,-57.695,21.787,116.924,-20.558,34.393,32.894,-33.301,-54.365,-33.555,116.182,32.011,37.410,-43.035
42.031,-57.480,21.748,116.455,-20.510,34.646,32.729,-33.223,-54.131,-33.574,115.713,32.012,37.681,-42.822
42.031,-57.266,21.729,115.986,-20.478,34.904,32.593,-33.203,-53.916,-33.535,115.264,31.969,37.918,-42.591
42.031,-57.070,21.670,115.518,-20.397,35.166,32.383,-33.184,-53.721,-33.496,114.814,31.901,38.167,-42.340
41.992,-56.855,21.670,115.049,-20.381,35.430,32.237,-33.184,-53.506,-33.457,114.346,31.846,38.420,-42.112
41.992,-56.641,21.631,114.580,-20.336,35.681,32.072,-33.184,-53.281,-33.437,113.877,31.816,38.676,-41.919
42.070,-56.465,21.455,114.131,-20.156,35.903,31.767,-33.184,-53.066,-33.418,113.428,31.786,38.921,-41.732
42.148,-56.279,21.279,113.672,-19.982,36.126,31.465,-33.164,-52.852,-33.418,112.959,31.756,39.192,-41.533
42.148,-56.084,21.201,113.223,-19.898,36.363,31.242,-33.164,-52.617,-33.418,112.490,31.752,39.450,-41.373
42.148,-55.889,21.104,112.754,-19.790,36.611,30.980,-33.184,-52.383,-33.418,111.982,31.723,39.742,-41.201
42.148,-55.713,21.006,112.324,-19.682,36.839,30.726,-33.203,-52.148,-33.418,111.514,31.719,39.999,-41.060
42.148,-55.518,20.889,111.875,-19.569,37.063,30.448,-33.203,-51.914,-33.437,111.025,31.716,40.282,-40.907
42.148,-55.322,20.791,111.426,-19.471,37.292,30.199,-33.223,-51.660,-33.457,110.537,31.737,40.553,-40.791
42.148,-55.146,20.674,110.996,-19.349,37.513,29.919,-33.242,-51.406,-33.496,110.049,31.770,40.833,-40.699
42.305,-55.010,20.342,110.566,-19.023,37.702,29.458,-33.145,-51.094,-33.691,109.541,31.953,41.171,-40.715
42.461,-54.873,19.990,110.137,-18.682,37.886,28.972,-33.096,-50.781,-33.848,109.014,32.101,41.507,-40.715
42.617,-54.736,19.639,109.707,-18.341,38.071,28.488,-33.174,-50.547,-33.828,108.525,32.078,41.768,-40.588
42.773,-54.600,19.287,109.297,-18.007,38.240,28.016,-33.164,-50.264,-33.945,108.008,32.176,42.093,-40.557
42.930,-54.482,18.916,108.887,-17.641,38.422,27.505,-33.242,-50.029,-33.945,107.520,32.165,42.363,-40.453
43.086,-54.346,18.545,108.477,-17.291,38.588,27.009,-33.398,-49.834,-33.848,107.031,32.052,42.606,-40.276
43.242,-54.229,18.174,108.086,-16.933,38.755,26.513,-33.633,-49.678,-33.652,106.562,31.849,42.808,-40.044
43.398,-54.111,17.783,107.695,-16.559,38.918,25.990,-33.867,-49.512,-33.457,106.084,31.651,43.013,-39.813
43.555,-53.975,17.393,107.285,-16.191,39.085,25.472,-33.867,-49.199,-33.613,105.557,31.804,43.343,-39.853
43.555,-53.838,17.197,106.895,-15.993,39.287,25.092,-33.867,-48.887,-33.770,105.049,31.968,43.657,-39.906
43.555,-53.682,17.002,106.504,-15.809,39.471,24.724,-33.867,-48.594,-33.926,104.541,32.110,43.984,-39.939
43.555,-53.525,16.807,106.113,-15.625,39.656,24.358,-33.828,-48.262,-34.180,104.033,32.354,44.337,-40.076
43.555,-53.389,16.611,105.742,-15.434,39.840,23.990,-33.828,-47.949,-34.375,103.525,32.541,44.671,-40.164
43.555,-53.232,16.396,105.371,-15.240,40.002,23.606,-33.945,-47.715,-34.395,103.037,32.548,44.947,-40.115
43.545,-53.086,16.201,105.000,-15.055,40.178,23.236,-33.965,-47.383,-34.590,102.529,32.757,45.269,-40.232
43.525,-52.949,16.006,104.648,-14.870,40.344,22.861,-34.121,-47.148,-34.570,102.041,32.741,45.522,-40.175
43.447,-52.812,15.889,104.297,-14.752,40.530,22.541,-34.277,-46.934,-34.570,101.572,32.726,45.781,-40.140
43.369,-52.666,15.771,103.945,-14.640,40.708,22.227,-34.434,-46.699,-34.570,101.084,32.723,46.044,-40.104
43.369,-52.549,15.537,103.633,-14.421,40.846,21.824,-34.590,-46.465,-34.590,100.615,32.743,46.300,-40.106
43.369,-52.432,15.283,103.301,-14.180,40.999,21.386,-34.746,-46.230,-34.609,100.146,32.763,46.555,-40.106
43.369,-52.314,15.049,102.988,-13.961,41.138,20.986,-35.137,-46.113,-34.297,99.678,32.457,46.709,-39.877
43.369,-52.197,14.795,102.656,-13.720,41.293,20.552,-35.527,-46.016,-33.984,99.229,32.140,46.860,-39.651
43.369,-52.100,14.521,102.363,-13.462,41.425,20.096,-35.918,-45.898,-33.672,98.779,31.842,47.001,-39.440
43.369,-51.982,14.268,102.070,-13.231,41.544,19.678,-36.318,-45.820,-33.359,98.369,31.523,47.135,-39.241
43.369,-51.904,13.994,101.797,-12.967,41.676,19.224,-36.709,-45.703,-33.066,97.900,31.228,47.305,-39.042
43.369,-51.787,13.740,101.504,-12.735,41.797,18.808,-37.100,-45.605,-32.754,97.490,30.927,47.430,-38.850
43.369,-51.709,13.467,101.250,-12.476,41.913,18.363,-37.100,-45.273,-33.066,97.021,31.238,47.765,-39.103
43.369,-51.631,13.174,100.996,-12.199,42.026,17.892,-37.100,-44.961,-33.359,96.572,31.524,48.087,-39.329
43.369,-51.533,12.900,100.723,-11.945,42.145,17.450,-37.100,-44.609,-33.691,96.104,31.865,48.421,-39.606
43.369,-51.455,12.607,100.488,-11.673,42.242,16.987,-37.100,-44.297,-34.004,95.674,32.173,48.740,-39.858
43.369,-51.377,12.334,100.273,-11.421,42.324,16.559,-37.104,-43.984,-34.316,95.244,32.479,49.060,-40.109
43.369,-51.318,12.021,100.059,-11.127,42.419,16.068,-37.134,-43.672,-34.609,94.805,32.769,49.379,-40.350
43.369,-51.240,11.729,99.824,-10.854,42.520,15.608,-37.153,-43.340,-34.922,94.375,33.093,49.688,-40.618
43.350,-51.182,11.455,99.629,-10.597,42.605,15.162,-37.153,-43.008,-35.273,93.945,33.442,50.020,-40.903
43.350,-51.123,11.162,99.453,-10.327,42.669,14.714,-37.153,-42.686,-35.615,93.545,33.788,50.330,-41.187
43.350,-51.064,10.850,99.258,-10.036,42.751,14.233,-37.163,-42.363,-35.967,93.145,34.139,50.648,-41.485
43.350,-51.025,10.537,99.102,-9.744,42.814,13.758,-37.173,-42.031,-36.318,92.734,34.495,50.969,-41.777
43.350,-50.967,10.225,98.945,-9.459,42.860,13.288,-37.173,-41.680,-36.709,92.324,34.893,51.301,-42.105
43.350,-50.928,9.912,98.789,-9.167,42.927,12.814,-37.173,-41.367,-37.080,91.953,35.257,51.617,-42.411
43.350,-50.889,9.600,98.652,-8.877,42.975,12.345,-37.173,-41.016,-37.471,91.562,35.662,51.938,-42.741
43.340,-50.850,9.287,98.516,-8.588,43.026,11.867,-37.271,-40.762,-37.705,91.211,35.893,52.199,-42.972
43.340,-50.830,8.975,98.418,-8.298,43.058,11.403,-37.310,-40.459,-38.027,90.869,36.230,52.474,-43.267
43.340,-50.811,8.643,98.301,-7.987,43.108,10.907,-37.310,-40.127,-38.437,90.518,36.642,52.792,-43.617
43.340,-50.791,8.311,98.223,-7.682,43.122,10.420,-37.319,-39.805,-38.828,90.176,37.037,53.099,-43.952
43.340,-50.781,7.988,98.145,-7.382,43.148,9.945,-37.437,-39.561,-39.043,89.854,37.259,53.334,-44.184
43.340,-50.762,7.656,98.047,-7.074,43.184,9.454,-37.505,-39.258,-39.355,89.502,37.583,53.616,-44.471
43.340,-50.762,7.324,97.988,-6.765,43.203,8.967,-37.505,-38.945,-39.766,89.229,38.008,53.892,-44.846
43.340,-50.762,6.992,97.949,-6.458,43.204,8.483,-37.583,-38.672,-40.059,88.916,38.308,54.152,-45.128
43.340,-50.762,6.660,97.910,-6.151,43.207,7.999,-37.681,-38.437,-40.312,88.643,38.563,54.382,-45.395
43.340,-50.762,6.328,97.871,-5.844,43.211,7.516,-37.993,-38.359,-40.234,88.389,38.481,54.484,-45.482
43.340,-50.762,5.996,97.852,-5.539,43.198,7.035,-38.228,-38.242,-40.254,88.154,38.502,54.608,-45.623
43.340,-50.781,5.664,97.852,-5.232,43.186,6.553,-38.521,-38.145,-40.195,87.900,38.450,54.711,-45.720
43.340,-50.801,5.332,97.852,-4.924,43.177,6.072,-38.823,-38.105,-40.088,87.715,38.343,54.766,-45.801
43.340,-50.820,5.000,97.852,-4.616,43.169,5.590,-39.126,-38.018,-40.020,87.471,38.280,54.861,-45.901
