30.000,-72.031,7.676,85.195,-2.424,76.998,-7.149,-35.000,-72.217,-0.742,85.264,0.233,76.955,9.241
30.000,-72.139,7.793,85.000,-2.680,77.276,-6.989,-35.000,-72.178,-0.615,85.342,-0.042,76.875,9.424
30.000,-72.178,7.930,85.000,-2.953,77.294,-6.799,-35.000,-72.031,-0.498,85.527,-0.313,76.582,9.599
30.000,-72.012,8.047,85.537,-3.258,76.572,-6.589,-35.000,-71.689,-0.371,86.279,-0.589,75.528,9.795
30.000,-72.212,8.174,85.034,-3.497,77.253,-6.445,-35.000,-71.738,-0.254,86.016,-0.862,75.882,9.970
30.000,-72.368,8.291,84.800,-3.743,77.623,-6.298,-35.000,-71.738,-0.127,86.016,-1.139,75.925,10.158
30.000,-72.534,8.437,84.341,-3.992,78.230,-6.140,-35.000,-71.758,-0.010,85.801,-1.410,76.203,10.330
30.000,-72.300,8.555,85.083,-4.313,77.242,-5.902,-35.000,-71.299,0.107,86.670,-1.694,74.920,10.547
30.000,-72.593,8.691,84.341,-4.532,78.258,-5.790,-35.000,-71.475,0.225,86.240,-1.962,75.572,10.708
30.000,-72.710,8.828,84.146,-4.786,78.557,-5.628,-35.000,-71.450,0.352,86.284,-2.239,75.552,10.900
30.000,-72.681,8.945,84.351,-5.067,78.311,-5.442,-35.000,-71.216,0.469,86.655,-2.521,74.996,11.106
30.000,-72.759,9.082,84.175,-5.327,78.554,-5.279,-35.000,-71.138,0.586,86.733,-2.798,74.891,11.296
29.844,-72.876,9.434,83.882,-5.642,78.966,-5.072,-35.000,-71.118,0.703,86.675,-3.072,74.982,11.476
29.844,-72.935,9.570,83.726,-5.905,79.172,-4.911,-35.000,-71.021,0.820,86.772,-3.350,74.840,11.670
29.844,-73.013,9.707,83.608,-6.165,79.360,-4.749,-35.000,-70.923,0.918,86.851,-3.622,74.718,11.844
29.844,-72.974,9.844,83.726,-6.451,79.202,-4.551,-35.000,-70.718,1.035,87.192,-3.910,74.228,12.065
29.844,-73.071,9.980,83.452,-6.703,79.566,-4.411,-35.000,-70.679,1.152,87.173,-4.185,74.265,12.252
29.844,-73.110,10.117,83.413,-6.970,79.642,-4.240,-35.000,-70.542,1.270,87.339,-4.469,74.022,12.461
29.844,-73.228,10.264,83.081,-7.219,80.087,-4.106,-35.000,-70.522,1.367,87.261,-4.737,74.139,12.622
29.844,-73.267,10.400,83.022,-7.485,80.185,-3.941,-35.000,-70.405,1.484,87.437,-5.021,73.908,12.834
29.844,-73.345,10.537,82.837,-7.740,80.447,-3.798,-35.000,-70.308,1.602,87.456,-5.301,73.854,13.032
29.844,-73.247,10.674,83.345,-8.047,79.853,-3.539,-35.000,-69.917,1.699,88.003,-5.608,72.983,13.293
29.844,-73.511,10.830,82.358,-8.250,81.094,-3.518,-35.000,-70.210,1.816,87.515,-5.851,73.825,13.401
29.844,-73.462,10.967,82.759,-8.543,80.656,-3.279,-35.000,-69.878,1.914,87.964,-6.154,73.113,13.654
29.844,-73.540,11.104,82.485,-8.794,81.010,-3.158,-35.000,-69.819,2.031,87.944,-6.432,73.142,13.848
29.844,-73.560,11.260,82.446,-9.069,81.079,-2.975,-35.000,-69.663,2.129,88.140,-6.719,72.860,14.061
29.844,-73.735,11.416,81.841,-9.295,81.861,-2.906,-35.000,-69.780,2.227,87.886,-6.969,73.297,14.184
29.844,-73.657,11.553,82.173,-9.593,81.468,-2.672,-35.000,-69.448,2.344,88.315,-7.286,72.614,14.473
29.844,-73.735,11.689,81.997,-9.845,81.730,-2.544,-35.000,-69.370,2.441,88.374,-7.564,72.549,14.664
29.844,-73.726,11.846,82.144,-10.129,81.593,-2.328,-35.000,-69.126,2.539,88.647,-7.866,72.109,14.909
29.844,-73.804,12.002,81.792,-10.381,82.033,-2.216,-35.000,-69.106,2.637,88.589,-8.134,72.221,15.077
29.844,-73.813,12.148,81.763,-10.653,82.089,-2.047,-35.000,-68.931,2.734,88.765,-8.428,71.948,15.304
29.844,-73.882,12.305,81.538,-10.909,82.396,-1.915,-35.000,-68.853,2.852,88.784,-8.712,71.931,15.514
29.844,-74.038,12.461,80.874,-11.134,83.221,-1.885,-35.000,-69.009,2.939,88.550,-8.950,72.393,15.615
29.854,-74.038,12.598,81.050,-11.409,83.069,-1.679,-35.000,-68.735,3.037,88.823,-9.260,71.931,15.879
29.873,-73.979,12.715,81.382,-11.698,82.707,-1.440,-35.000,-68.384,3.135,89.175,-9.586,71.318,16.175
29.873,-74.077,12.871,80.874,-11.938,83.324,-1.380,-35.000,-68.442,3.232,89.058,-9.842,71.573,16.320
29.873,-74.131,13.037,80.610,-12.198,83.662,-1.257,-35.000,-68.364,3.330,89.058,-10.119,71.579,16.510
29.873,-74.189,13.193,80.454,-12.456,83.899,-1.124,-35.000,-68.267,3.428,89.116,-10.403,71.509,16.715
29.873,-74.268,13.369,79.966,-12.706,84.484,-1.051,-35.000,-68.296,3.516,89.009,-10.657,71.726,16.853
29.873,-74.268,13.525,80.005,-12.982,84.476,-0.869,-35.000,-68.101,3.613,89.224,-10.962,71.410,17.109
29.873,-74.229,13.662,80.298,-13.268,84.181,-0.640,-35.000,-67.769,3.701,89.556,-11.292,70.845,17.411
29.873,-74.346,13.838,79.731,-13.506,84.881,-0.603,-35.000,-67.847,3.799,89.380,-11.538,71.183,17.536
29.873,-74.346,13.994,79.849,-13.783,84.802,-0.404,-35.000,-67.612,3.877,89.614,-11.847,70.811,17.793
29.873,-74.346,14.150,79.849,-14.057,84.837,-0.233,-35.000,-67.397,3.975,89.771,-12.157,70.540,18.053
29.873,-74.355,14.307,79.810,-14.328,84.922,-0.074,-35.000,-67.222,4.062,89.907,-12.458,70.326,18.294
29.834,-74.414,14.541,79.438,-14.599,85.387,0.027,-35.000,-67.212,4.141,89.868,-12.718,70.445,18.446
29.834,-74.492,14.717,78.853,-14.846,86.072,0.047,-35.000,-67.271,4.238,89.692,-12.963,70.769,18.570
29.834,-74.492,14.873,79.009,-15.122,85.961,0.252,-35.000,-67.017,4.316,89.927,-13.281,70.386,18.845
29.834,-74.468,15.029,79.258,-15.406,85.740,0.488,-35.000,-66.699,4.404,90.220,-13.621,69.890,19.166
29.834,-74.507,15.205,78.887,-15.667,86.182,0.563,-35.000,-66.670,4.492,90.190,-13.887,69.987,19.337
29.844,-74.575,15.381,78.447,-15.918,86.721,0.619,-35.000,-66.680,4.570,90.093,-14.137,70.187,19.469
29.844,-74.536,15.537,78.721,-16.206,86.467,0.864,-35.000,-66.328,4.668,90.386,-14.491,69.666,19.820
29.844,-74.575,15.732,78.164,-16.468,87.095,0.896,-35.000,-66.377,4.746,90.269,-14.732,69.925,19.936
29.844,-74.575,15.879,78.496,-16.743,86.822,1.141,-35.000,-66.025,4.824,90.542,-15.080,69.423,20.269
29.844,-74.644,16.074,77.744,-16.995,87.666,1.101,-35.000,-66.182,4.902,90.347,-15.293,69.862,20.332
29.844,-74.644,16.250,77.686,-17.270,87.777,1.258,-35.000,-66.006,4.980,90.483,-15.598,69.664,20.581
29.844,-74.644,16.416,77.764,-17.545,87.756,1.445,-35.000,-65.752,5.059,90.640,-15.921,69.373,20.861
29.844,-74.644,16.611,77.568,-17.824,88.007,1.576,-35.000,-65.615,5.137,90.698,-16.213,69.291,21.081
29.844,-74.658,16.797,77.168,-18.094,88.463,1.629,-35.000,-65.596,5.215,90.698,-16.475,69.378,21.249
29.844,-74.658,16.973,77.227,-18.370,88.468,1.816,-35.000,-65.361,5.293,90.835,-16.796,69.131,21.524
29.844,-74.727,17.168,76.465,-18.625,89.322,1.743,-35.000,-65.518,5.371,90.640,-17.001,69.575,21.576
29.844,-74.697,17.324,76.826,-18.906,89.009,2.014,-35.000,-65.127,5.449,90.913,-17.369,69.051,21.947
29.849,-74.687,17.490,76.992,-19.182,88.906,2.232,-35.000,-64.814,5.527,91.108,-17.716,68.679,22.274
29.849,-74.687,17.666,76.816,-19.456,89.137,2.339,-35.000,-64.678,5.586,91.167,-18.004,68.601,22.483
29.849,-74.697,17.900,76.094,-19.740,89.913,2.311,-35.000,-64.795,5.664,91.030,-18.220,68.955,22.561
29.849,-74.697,18.076,76.094,-20.014,89.981,2.472,-35.000,-64.580,5.742,91.147,-18.538,68.755,22.836
29.849,-74.697,18.252,76.152,-20.289,89.995,2.652,-35.000,-64.346,5.801,91.304,-18.861,68.496,23.113
29.868,-74.678,18.408,76.133,-20.564,90.065,2.811,-35.000,-64.111,5.879,91.421,-19.187,68.282,23.401
29.868,-74.678,18.604,75.801,-20.843,90.454,2.870,-35.000,-64.053,5.937,91.401,-19.448,68.357,23.559
29.868,-74.678,18.760,76.172,-21.111,90.174,3.143,-35.000,-63.623,6.016,91.616,-19.837,67.873,23.957
29.868,-74.678,18.994,75.566,-21.400,90.833,3.134,-35.000,-63.691,6.074,91.538,-20.059,68.124,24.049
29.868,-74.678,19.189,75.117,-21.682,91.333,3.140,-35.000,-63.691,6.133,91.519,-20.305,68.258,24.185
29.868,-74.658,19.346,75.566,-21.953,90.968,3.448,-35.000,-63.223,6.211,91.753,-20.711,67.726,24.616
29.868,-74.658,19.580,75.059,-22.244,91.537,3.462,-35.000,-63.252,6.270,91.694,-20.943,67.925,24.727
29.868,-74.658,19.814,74.316,-22.540,92.324,3.380,-35.000,-63.408,6.328,91.577,-21.134,68.298,24.765
29.868,-74.619,19.971,74.766,-22.815,91.946,3.695,-35.000,-62.920,6.406,91.831,-21.552,67.736,25.220
29.868,-74.619,20.225,73.906,-23.120,92.848,3.575,-35.000,-63.145,6.455,91.704,-21.718,68.179,25.214
29.868,-74.614,20.391,74.155,-23.387,92.693,3.810,-35.000,-62.773,6.514,91.860,-22.086,67.813,25.570
29.868,-74.595,20.566,74.370,-23.662,92.561,4.046,-35.000,-62.422,6.572,92.017,-22.451,67.469,25.923
29.868,-74.575,20.820,73.696,-23.973,93.275,3.991,-35.000,-62.520,6.631,91.938,-22.658,67.755,25.995
29.868,-74.546,21.016,73.677,-24.260,93.360,4.150,-35.000,-62.285,6.689,92.017,-22.981,67.594,26.270
29.868,-74.526,21.211,73.735,-24.542,93.384,4.337,-35.000,-61.992,6.748,92.134,-23.328,67.345,26.589
29.946,-74.517,21.328,73.149,-24.818,93.997,4.256,-35.000,-62.070,6.807,92.075,-23.541,67.598,26.675
29.946,-74.497,21.523,73.130,-25.102,94.094,4.407,-35.000,-61.836,6.865,92.173,-23.869,67.424,26.963
29.946,-74.473,21.719,73.159,-25.385,94.144,4.580,-35.000,-61.562,6.924,92.251,-24.205,67.235,27.263
29.946,-74.414,22.031,72.007,-25.750,95.278,4.349,-35.000,-61.914,6.963,92.075,-24.310,67.835,27.152
30.103,-74.414,21.973,72.437,-25.948,94.939,4.614,-35.000,-61.426,7.021,92.271,-24.730,67.348,27.602
30.112,-74.404,22.168,72.280,-26.234,95.175,4.704,-35.000,-61.270,7.080,92.310,-25.026,67.305,27.835
30.112,-74.395,22.314,72.788,-26.483,94.793,5.039,-35.000,-60.762,7.119,92.524,-25.455,66.782,28.296
30.112,-74.316,22.646,71.499,-26.871,96.038,4.744,-35.000,-61.152,7.178,92.310,-25.538,67.460,28.156
30.151,-74.277,22.803,71.460,-27.153,96.139,4.883,-35.000,-60.918,7.217,92.388,-25.859,67.307,28.426
30.151,-74.258,22.998,71.597,-27.430,96.106,5.093,-35.000,-60.605,7.275,92.524,-26.222,67.044,28.784
30.151,-74.243,23.193,71.606,-27.711,96.191,5.242,-35.000,-60.352,7.314,92.603,-26.552,66.878,29.069
30.151,-74.199,23.428,71.328,-28.026,96.524,5.297,-35.000,-60.225,7.354,92.593,-26.824,66.906,29.251
30.151,-74.141,23.662,71.055,-28.346,96.840,5.356,-35.000,-60.117,7.412,92.642,-27.108,66.908,29.471
30.161,-74.126,23.857,71.104,-28.625,96.899,5.529,-35.000,-59.824,7.451,92.720,-27.451,66.714,29.781
30.161,-74.106,24.033,71.357,-28.889,96.762,5.777,-35.000,-59.434,7.490,92.837,-27.837,66.402,30.163
30.161,-74.038,24.307,70.908,-29.233,97.245,5.780,-35.000,-59.395,7.529,92.817,-28.078,66.521,30.298
30.190,-73.979,24.521,70.459,-29.562,97.720,5.752,-35.000,-59.375,7.568,92.817,-28.316,66.640,30.433
30.269,-73.921,24.678,70.107,-29.872,98.102,5.764,-35.000,-59.277,7.607,92.817,-28.580,66.691,30.607
30.288,-73.882,24.873,69.912,-30.176,98.360,5.824,-35.000,-59.121,7.646,92.837,-28.867,66.676,30.823
30.293,-73.838,25.107,69.751,-30.489,98.599,5.918,-35.000,-58.955,7.695,92.905,-29.171,66.616,31.079
30.312,-73.818,25.264,70.005,-30.744,98.471,6.167,-35.000,-58.525,7.734,92.983,-29.567,66.318,31.475
30.312,-73.721,25.557,69.458,-31.121,99.023,6.118,-35.000,-58.545,7.773,92.964,-29.785,66.493,31.578
30.312,-73.721,25.713,69.985,-31.346,98.673,6.486,-35.000,-57.998,7.812,93.110,-30.240,66.041,32.081
30.312,-73.584,26.064,68.989,-31.790,99.604,6.252,-35.000,-58.232,7.852,93.013,-30.362,66.468,32.021
30.312,-73.564,26.270,69.048,-32.072,99.665,6.416,-35.000,-57.959,7.871,93.091,-30.699,66.302,32.321
30.342,-73.457,26.562,68.306,-32.479,100.386,6.271,-35.000,-58.066,7.910,93.032,-30.874,66.587,32.350
30.342,-73.516,26.445,69.146,-32.352,99.667,6.614,-35.000,-57.598,7.910,93.149,-31.070,66.090,32.680
30.342,-73.594,26.172,69.517,-31.997,99.256,6.606,-35.000,-57.676,7.871,93.149,-30.815,66.011,32.512
30.342,-73.555,26.094,68.413,-31.859,100.096,6.004,-35.000,-58.564,7.832,92.954,-30.225,66.791,31.788
30.332,-73.662,25.762,69.370,-31.427,99.181,6.239,-35.000,-58.311,7.812,93.032,-30.111,66.375,31.866
30.332,-73.711,25.537,69.419,-31.122,99.046,6.103,-35.000,-58.545,7.773,92.954,-29.783,66.501,31.572
30.254,-73.770,25.381,69.771,-30.808,98.663,6.104,-35.000,-58.623,7.734,92.954,-29.527,66.428,31.407
30.254,-73.770,25.264,69.087,-30.602,99.171,5.691,-35.000,-59.287,7.695,92.798,-29.035,66.996,30.846
30.254,-73.867,24.912,70.122,-30.176,98.171,5.936,-35.000,-58.984,7.656,92.876,-28.925,66.529,30.925
30.254,-73.887,24.727,69.888,-29.911,98.280,5.692,-35.000,-59.375,7.617,92.778,-28.542,66.815,30.545
30.254,-73.994,24.414,70.532,-29.526,97.644,5.753,-35.000,-59.336,7.578,92.817,-28.332,66.610,30.462
30.254,-74.053,24.141,71.118,-29.175,97.033,5.826,-35.000,-59.268,7.539,92.876,-28.136,66.363,30.403
30.244,-74.062,23.984,70.796,-28.923,97.225,5.555,-35.000,-59.692,7.500,92.715,-27.729,66.741,29.979
30.225,-74.121,23.750,71.284,-28.590,96.711,5.587,-35.000,-59.712,7.461,92.754,-27.498,66.590,29.864
30.269,-74.204,23.437,71.577,-28.242,96.378,5.505,-35.000,-59.839,7.402,92.715,-27.209,66.594,29.637
30.269,-74.204,23.242,71.421,-27.973,96.407,5.292,-35.000,-60.161,7.363,92.607,-26.850,66.841,29.299
30.269,-74.243,23.047,71.479,-27.681,96.282,5.168,-35.000,-60.396,7.324,92.549,-26.531,66.970,29.031
30.269,-74.263,22.832,71.538,-27.390,96.132,5.033,-35.000,-60.630,7.266,92.510,-26.209,67.074,28.756
30.269,-74.282,22.656,71.187,-27.128,96.366,4.741,-35.000,-61.060,7.227,92.334,-25.809,67.486,28.344
30.249,-74.341,22.422,71.792,-26.794,95.750,4.806,-35.000,-61.021,7.168,92.393,-25.590,67.263,28.247
30.249,-74.399,22.148,72.554,-26.448,94.985,4.918,-35.000,-60.884,7.129,92.480,-25.413,66.935,28.228
30.405,-74.438,21.758,72.104,-26.128,95.292,4.539,-35.000,-61.372,7.070,92.285,-24.987,67.415,27.767
30.405,-74.478,21.523,72.515,-25.813,94.842,4.526,-35.000,-61.411,7.031,92.285,-24.740,67.326,27.625
30.405,-74.497,21.328,72.417,-25.534,94.849,4.329,-35.000,-61.724,6.973,92.187,-24.388,67.565,27.297
30.405,-74.536,21.094,72.769,-25.223,94.453,4.285,-35.000,-61.782,6.914,92.148,-24.121,67.523,27.110
30.386,-74.556,20.898,73.042,-24.931,94.119,4.224,-35.000,-61.880,6.855,92.148,-23.848,67.482,26.924
30.386,-74.556,20.742,72.729,-24.673,94.324,3.974,-35.000,-62.280,6.807,91.953,-23.462,67.900,26.532
30.386,-74.585,20.547,72.632,-24.389,94.346,3.772,-35.000,-62.593,6.748,91.855,-23.115,68.148,26.214
30.386,-74.624,20.234,73.979,-24.037,93.013,4.056,-35.000,-62.134,6.689,92.090,-23.035,67.388,26.365
30.386,-74.644,20.020,74.331,-23.742,92.609,4.015,-35.000,-62.202,6.631,92.119,-22.775,67.298,26.203
30.386,-74.663,19.863,73.921,-23.476,92.927,3.718,-35.000,-62.651,6.572,91.885,-22.368,67.801,25.774
30.376,-74.673,19.648,74.370,-23.183,92.423,3.705,-35.000,-62.651,6.514,91.904,-22.125,67.660,25.638
30.376,-74.683,19.492,74.087,-22.916,92.619,3.463,-35.000,-63.042,6.455,91.729,-21.748,68.061,25.265
30.288,-74.683,19.375,74.673,-22.649,91.994,3.511,-35.000,-62.983,6.396,91.807,-21.528,67.814,25.175
30.298,-74.712,19.141,75.161,-22.348,91.472,3.497,-35.000,-62.983,6.338,91.826,-21.283,67.676,25.038
30.298,-74.712,18.984,74.829,-22.083,91.708,3.238,-35.000,-63.374,6.279,91.631,-20.907,68.101,24.665
30.298,-74.722,18.770,75.181,-21.794,91.301,3.180,-35.000,-63.452,6.201,91.650,-20.635,68.031,24.479
30.298,-74.741,18.594,75.005,-21.516,91.407,2.958,-35.000,-63.765,6.143,91.455,-20.282,68.389,24.144
30.298,-74.741,18.359,75.708,-21.224,90.657,3.007,-35.000,-63.647,6.064,91.592,-20.074,68.029,24.075
30.298,-74.741,18.203,75.474,-20.956,90.810,2.784,-35.000,-63.979,6.006,91.387,-19.717,68.418,23.734
30.298,-74.741,17.969,76.294,-20.666,89.951,2.865,-35.000,-63.823,5.947,91.562,-19.528,67.994,23.709
30.298,-74.751,17.812,75.884,-20.394,90.280,2.577,-35.000,-64.233,5.869,91.309,-19.141,68.499,23.308
30.298,-74.751,17.617,76.274,-20.115,89.837,2.535,-35.000,-64.292,5.811,91.328,-18.880,68.425,23.151
30.298,-74.751,17.422,76.313,-19.836,89.726,2.369,-35.000,-64.487,5.732,91.211,-18.564,68.604,22.879
30.298,-74.771,17.266,75.942,-19.560,90.033,2.095,-35.000,-64.888,5.654,90.957,-18.187,69.109,22.495
30.298,-74.761,17.041,76.743,-19.278,89.187,2.157,-35.000,-64.731,5.596,91.113,-17.990,68.706,22.457
30.298,-74.751,16.855,76.938,-19.005,88.926,2.049,-35.000,-64.868,5.518,91.074,-17.697,68.760,22.236
30.298,-74.751,16.699,76.782,-18.734,89.017,1.850,-35.000,-65.142,5.439,90.879,-17.359,69.095,21.922
30.298,-74.731,16.504,77.056,-18.461,88.672,1.757,-35.000,-65.229,5.361,90.859,-17.080,69.087,21.725
30.298,-74.722,16.309,77.515,-18.188,88.160,1.716,-35.000,-65.229,5.303,90.918,-16.835,68.929,21.601
30.298,-74.722,16.133,77.417,-17.911,88.193,1.515,-35.000,-65.503,5.225,90.762,-16.504,69.232,21.306
30.298,-74.741,15.977,77.104,-17.632,88.457,1.263,-35.000,-65.854,5.137,90.488,-16.144,69.722,20.947
30.298,-74.731,15.791,77.437,-17.359,88.071,1.186,-35.000,-65.923,5.059,90.479,-15.872,69.692,20.764
30.308,-74.702,15.596,77.759,-17.089,87.677,1.106,-35.000,-65.981,4.980,90.498,-15.604,69.626,20.592
30.308,-74.624,15.400,78.501,-16.840,86.834,1.147,-35.000,-65.806,4.902,90.693,-15.396,69.167,20.536
30.308,-74.663,15.244,78.110,-16.551,87.197,0.867,-35.000,-66.216,4.824,90.361,-15.029,69.780,20.166
30.308,-74.634,15.059,78.472,-16.285,86.768,0.789,-35.000,-66.255,4.746,90.381,-14.764,69.699,19.999
30.308,-74.634,14.902,78.198,-16.009,86.985,0.553,-35.000,-66.587,4.668,90.127,-14.423,70.167,19.682
30.308,-74.614,14.727,78.569,-15.742,86.561,0.480,-35.000,-66.626,4.570,90.146,-14.151,70.083,19.497
30.308,-74.536,14.531,79.116,-15.490,85.907,0.444,-35.000,-66.548,4.492,90.264,-13.914,69.798,19.387
30.308,-74.556,14.395,78.823,-15.211,86.171,0.216,-35.000,-66.899,4.414,89.990,-13.572,70.309,19.069
30.347,-74.517,14.160,79.253,-14.936,85.666,0.135,-35.000,-66.899,4.336,90.049,-13.316,70.158,18.924
30.347,-74.517,14.004,79.019,-14.658,85.853,-0.091,-35.000,-67.212,4.238,89.795,-12.980,70.612,18.608
30.347,-74.429,13.809,79.849,-14.413,84.918,-0.069,-35.000,-67.017,4.160,90.029,-12.767,70.102,18.550
30.366,-74.390,13.613,80.093,-14.144,84.601,-0.190,-35.000,-67.095,4.062,90.010,-12.485,70.102,18.346
30.366,-74.409,13.477,79.702,-13.862,84.968,-0.441,-35.000,-67.466,3.965,89.678,-12.137,70.695,18.007
30.366,-74.370,13.301,79.917,-13.596,84.683,-0.572,-35.000,-67.563,3.887,89.619,-11.858,70.760,17.815
30.366,-74.370,13.145,79.995,-13.323,84.573,-0.726,-35.000,-67.739,3.789,89.502,-11.557,70.956,17.574
30.366,-74.360,12.988,79.985,-13.051,84.542,-0.899,-35.000,-67.935,3.691,89.326,-11.251,71.231,17.320
30.366,-74.272,12.812,80.483,-12.803,83.937,-0.964,-35.000,-67.896,3.613,89.443,-11.003,70.993,17.195
30.366,-74.272,12.676,80.269,-12.528,84.121,-1.168,-35.000,-68.169,3.516,89.170,-10.682,71.444,16.909
30.366,-74.214,12.500,80.562,-12.267,83.747,-1.290,-35.000,-68.228,3.418,89.189,-10.408,71.397,16.726
30.356,-74.058,12.344,81.284,-12.045,82.861,-1.298,-35.000,-68.062,3.320,89.453,-10.175,70.890,16.629
30.356,-74.136,12.207,80.835,-11.745,83.354,-1.566,-35.000,-68.452,3.232,89.004,-9.838,71.636,16.309
30.356,-74.165,12.061,80.591,-11.459,83.599,-1.789,-35.000,-68.755,3.135,88.682,-9.519,72.170,16.025
30.356,-74.058,11.885,81.226,-11.216,82.846,-1.845,-35.000,-68.677,3.037,88.916,-9.271,71.782,15.904
30.356,-74.058,11.748,81.030,-10.940,83.020,-2.045,-35.000,-68.931,2.939,88.623,-8.961,72.243,15.639
30.356,-73.911,11.572,81.802,-10.709,82.096,-2.079,-35.000,-68.765,2.842,88.926,-8.724,71.703,15.541
30.356,-73.911,11.436,81.567,-10.430,82.311,-2.288,-35.000,-69.019,2.744,88.594,-8.415,72.206,15.275
30.356,-73.833,11.279,81.919,-10.178,81.871,-2.399,-35.000,-69.038,2.646,88.633,-8.146,72.111,15.104
30.356,-73.872,11.143,81.646,-9.891,82.165,-2.620,-35.000,-69.351,2.549,88.301,-7.834,72.676,14.838
30.356,-73.853,10.986,81.763,-9.619,82.015,-2.783,-35.000,-69.487,2.432,88.184,-7.543,72.853,14.611
30.356,-73.735,10.830,82.134,-9.374,81.521,-2.893,-35.000,-69.487,2.334,88.262,-7.278,72.704,14.451
30.356,-73.755,10.693,81.978,-9.093,81.684,-3.090,-35.000,-69.722,2.236,87.969,-6.980,73.158,14.212
30.356,-73.540,10.537,82.720,-8.876,80.730,-3.136,-35.000,-69.546,2.119,88.320,-6.731,72.564,14.087
30.356,-73.540,10.400,82.642,-8.600,80.800,-3.321,-35.000,-69.741,2.021,88.047,-6.438,72.962,13.859
30.356,-73.462,10.244,82.915,-8.342,80.444,-3.464,-35.000,-69.800,1.904,88.066,-6.159,72.933,13.664
30.356,-73.569,10.117,82.300,-8.035,81.155,-3.730,-35.000,-70.220,1.807,87.432,-5.844,73.917,13.381
30.356,-73.521,9.971,82.554,-7.773,80.851,-3.871,-35.000,-70.298,1.689,87.412,-5.565,73.949,13.185
30.356,-73.442,9.834,82.769,-7.519,80.560,-4.008,-35.000,-70.356,1.592,87.363,-5.293,73.994,13.008
30.356,-73.325,9.678,83.110,-7.267,80.102,-4.146,-35.000,-70.376,1.475,87.441,-5.019,73.873,12.827
30.356,-73.228,9.541,83.364,-7.016,79.755,-4.281,-35.000,-70.415,1.377,87.441,-4.749,73.853,12.657
30.356,-73.101,9.404,83.716,-6.771,79.282,-4.406,-35.000,-70.415,1.260,87.520,-4.476,73.715,12.476
30.356,-73.042,9.268,83.755,-6.506,79.189,-4.577,-35.000,-70.542,1.152,87.354,-4.195,73.949,12.276
30.356,-73.081,9.131,83.501,-6.217,79.483,-4.790,-35.000,-70.815,1.035,86.982,-3.902,74.535,12.043
30.356,-73.081,8.994,83.501,-5.942,79.489,-4.970,-35.000,-70.972,0.918,86.748,-3.618,74.869,11.834
30.356,-72.749,8.857,84.478,-5.741,78.197,-5.024,-35.000,-70.698,0.801,87.354,-3.363,73.937,11.704
30.356,-72.837,8.721,84.019,-5.440,78.748,-5.262,-35.000,-71.030,0.703,86.787,-3.076,74.782,11.487
30.356,-72.769,8.584,84.253,-5.178,78.456,-5.420,-35.000,-71.108,0.586,86.768,-2.799,74.827,11.299
30.356,-72.769,8.467,84.067,-4.903,78.653,-5.602,-35.000,-71.323,0.469,86.416,-2.516,75.343,11.091
30.356,-72.690,8.330,84.282,-4.642,78.373,-5.763,-35.000,-71.382,0.352,86.377,-2.241,75.391,10.906
30.356,-72.651,8.193,84.360,-4.372,78.270,-5.941,-35.000,-71.489,0.234,86.201,-1.965,75.626,10.716
30.356,-72.495,8.057,84.712,-4.124,77.779,-6.092,-35.000,-71.489,0.117,86.318,-1.692,75.463,10.540
30.356,-72.495,7.939,84.575,-3.849,77.932,-6.271,-35.000,-71.685,0.000,86.025,-1.415,75.905,10.348
30.356,-72.261,7.803,85.083,-3.613,77.210,-6.414,-35.000,-71.606,-0.137,86.279,-1.137,75.529,10.156
30.356,-72.319,7.686,84.888,-3.329,77.483,-6.601,-35.000,-71.821,-0.254,85.850,-0.862,76.131,9.966
30.356,-72.183,7.549,85.122,-3.072,77.133,-6.772,-35.000,-71.860,-0.371,85.889,-0.589,76.090,9.789
30.356,-72.104,7.422,85.308,-2.809,76.891,-6.942,-35.000,-71.919,-0.488,85.801,-0.316,76.196,9.611
30.356,-71.987,7.305,85.483,-2.553,76.622,-7.104,-35.000,-71.978,-0.625,85.781,-0.037,76.235,9.414
30.356,-72.046,7.187,85.249,-2.269,76.939,-7.290,-35.000,-72.212,-0.742,85.332,0.233,76.881,9.240
30.356,-71.948,7.051,85.464,-2.004,76.652,-7.473,-35.000,-72.251,-0.859,85.293,0.504,76.923,9.068
30.356,-71.792,6.934,85.747,-1.752,76.241,-7.635,-35.000,-72.261,-0.996,85.342,0.783,76.850,8.874
30.356,-71.714,6.816,85.767,-1.488,76.172,-7.810,-35.000,-72.378,-1.113,85.186,1.052,77.089,8.705
30.356,-71.792,6.689,85.513,-1.200,76.532,-8.003,-35.000,-72.612,-1.250,84.697,1.322,77.780,8.529
30.356,-71.509,6.572,86.079,-0.961,75.715,-8.166,-35.000,-72.515,-1.377,85.068,1.601,77.280,8.337
30.356,-71.431,6.455,86.196,-0.695,75.552,-8.343,-35.000,-72.593,-1.514,84.932,1.876,77.466,8.153
30.356,-71.284,6.328,86.392,-0.434,75.244,-8.532,-35.000,-72.612,-1.631,84.932,2.147,77.457,7.983
30.356,-71.265,6.211,86.392,-0.160,75.258,-8.713,-35.000,-72.729,-1.768,84.678,2.418,77.801,7.808
30.356,-71.108,6.094,86.626,0.099,74.904,-8.896,-35.000,-72.769,-1.904,84.697,2.694,77.796,7.619
30.356,-71.167,5.977,86.431,0.381,75.195,-9.077,-35.000,-72.964,-2.021,84.248,2.952,78.414,7.484
30.356,-71.167,5.859,86.392,0.656,75.272,-9.258,-35.000,-73.091,-2.158,83.936,3.219,78.831,7.322
30.356,-70.991,5.742,86.665,0.916,74.863,-9.448,-35.000,-73.091,-2.295,83.994,3.496,78.751,7.135
30.356,-70.933,5.635,86.724,1.183,74.786,-9.624,-35.000,-73.179,-2.432,83.809,3.765,79.004,6.969
30.356,-70.776,5.518,86.938,1.447,74.458,-9.818,-35.000,-73.218,-2.568,83.848,4.040,78.985,6.785
30.356,-70.815,5.410,86.802,1.722,74.676,-9.987,-35.000,-73.374,-2.705,83.418,4.300,79.552,6.646
30.356,-70.562,5.293,87.192,1.981,74.078,-10.195,-35.000,-73.345,-2.842,83.672,4.581,79.254,6.443
30.356,-70.347,5.195,87.446,2.237,73.655,-10.382,-35.000,-73.345,-2.979,83.770,4.859,79.142,6.253
30.356,-70.347,5.078,87.368,2.513,73.781,-10.567,-35.000,-73.462,-3.115,83.418,5.120,79.596,6.113
30.356,-70.269,4.971,87.485,2.783,73.634,-10.755,-35.000,-73.540,-3.252,83.281,5.388,79.798,5.953
30.356,-70.151,4.863,87.544,3.050,73.508,-10.944,-35.000,-73.618,-3.398,83.164,5.658,79.982,5.783
30.356,-70.200,4.766,87.427,3.322,73.723,-11.102,-35.000,-73.735,-3.545,82.695,5.918,80.557,5.656
30.356,-70.044,4.648,87.661,3.593,73.386,-11.317,-35.000,-73.755,-3.682,82.725,6.191,80.539,5.479
30.356,-69.839,4.541,87.905,3.860,72.991,-11.528,-35.000,-73.765,-3.818,82.812,6.466,80.454,5.295
30.356,-69.683,4.443,88.022,4.126,72.773,-11.721,-35.000,-73.804,-3.975,82.773,6.742,80.528,5.109
30.356,-69.780,4.346,87.827,4.398,73.119,-11.869,-35.000,-73.970,-4.111,82.197,6.990,81.261,5.024
30.356,-69.595,4.229,88.081,4.672,72.739,-12.098,-35.000,-73.979,-4.268,82.275,7.270,81.192,4.824
30.356,-69.360,4.131,88.374,4.941,72.272,-12.318,-35.000,-73.979,-4.404,82.451,7.547,81.016,4.629
30.356,-69.243,4.033,88.472,5.211,72.117,-12.513,-35.000,-74.019,-4.561,82.314,7.820,81.193,4.461
30.356,-69.243,3.936,88.394,5.481,72.254,-12.681,-35.000,-74.136,-4.697,81.943,8.073,81.677,4.357
30.356,-69.067,3.828,88.599,5.756,71.938,-12.906,-35.000,-74.146,-4.854,81.963,8.351,81.672,4.167
30.356,-68.911,3.730,88.735,6.028,71.709,-13.114,-35.000,-74.175,-4.990,81.914,8.620,81.753,4.009
30.356,-68.950,3.633,88.579,6.296,71.966,-13.268,-35.000,-74.302,-5.146,81.445,8.874,82.349,3.912
30.356,-68.774,3.535,88.774,6.571,71.663,-13.489,-35.000,-74.321,-5.303,81.445,9.150,82.377,3.730
30.356,-68.735,3.437,88.774,6.842,71.690,-13.670,-35.000,-74.399,-5.459,81.172,9.413,82.734,3.602
30.356,-68.481,3.350,89.067,7.118,71.214,-13.908,-35.000,-74.399,-5.596,81.367,9.688,82.549,3.405
30.356,-68.638,3.252,88.794,7.381,71.708,-14.029,-35.000,-74.536,-5.762,80.615,9.936,83.439,3.364
30.356,-68.325,3.154,89.087,7.662,71.178,-14.290,-35.000,-74.526,-5.918,80.889,10.219,83.174,3.134
30.356,-68.247,3.076,89.146,7.930,71.111,-14.469,-35.000,-74.565,-6.074,80.654,10.486,83.458,3.003
30.356,-68.130,2.979,89.263,8.207,70.951,-14.683,-35.000,-74.595,-6.230,80.537,10.756,83.618,2.851
30.356,-67.935,2.881,89.399,8.486,70.696,-14.915,-35.000,-74.634,-6.387,80.557,11.028,83.655,2.676
30.356,-67.700,2.783,89.595,8.771,70.347,-15.165,-35.000,-74.634,-6.543,80.635,11.305,83.598,2.483
30.356,-67.700,2.705,89.595,9.037,70.420,-15.327,-35.000,-74.692,-6.699,80.273,11.565,84.030,2.388
30.356,-67.368,2.607,89.868,9.329,69.900,-15.613,-35.000,-74.683,-6.855,80.566,11.849,83.756,2.150
30.356,-67.417,2.529,89.731,9.587,70.159,-15.743,-35.000,-74.761,-7.012,80.020,12.101,84.390,2.103
30.356,-67.563,2.432,89.556,9.846,70.556,-15.868,-35.000,-74.868,-7.187,79.346,12.353,85.182,2.076
30.356,-67.271,2.354,89.829,10.134,70.076,-16.134,-35.000,-74.868,-7.344,79.580,12.632,84.978,1.854
30.356,-67.114,2.275,89.946,10.411,69.886,-16.349,-35.000,-74.878,-7.500,79.492,12.904,85.100,1.705
30.356,-67.134,2.178,89.868,10.677,70.066,-16.513,-35.000,-74.956,-7.676,79.062,13.164,85.627,1.630
30.356,-66.978,2.100,89.946,10.952,69.917,-16.722,-35.000,-74.976,-7.852,78.945,13.438,85.793,1.476
30.356,-66.860,2.021,90.005,11.226,69.826,-16.922,-35.000,-75.005,-8.008,78.760,13.704,86.032,1.359
30.356,-66.509,1.943,90.298,11.526,69.278,-17.222,-35.000,-74.995,-8.164,79.092,13.985,85.732,1.112
30.356,-66.294,1.865,90.474,11.815,68.981,-17.473,-35.000,-74.995,-8.320,79.111,14.259,85.746,0.940
30.356,-66.216,1.768,90.493,12.093,68.976,-17.682,-35.000,-75.020,-8.506,78.843,14.531,86.072,0.819
30.356,-66.118,1.689,90.532,12.367,68.930,-17.880,-35.000,-75.059,-8.662,78.647,14.794,86.334,0.713
30.356,-66.060,1.611,90.532,12.636,68.961,-18.060,-35.000,-75.098,-8.857,78.335,15.066,86.720,0.604
30.356,-65.903,1.533,90.649,12.920,68.784,-18.292,-35.000,-75.107,-9.014,78.247,15.336,86.852,0.468
30.356,-65.757,1.465,90.737,13.199,68.645,-18.506,-35.000,-75.127,-9.189,78.130,15.608,87.028,0.325
30.356,-65.776,1.387,90.620,13.452,68.870,-18.639,-35.000,-75.186,-9.365,77.622,15.869,87.619,0.301
30.356,-65.356,1.309,90.972,13.778,68.213,-19.002,-35.000,-75.166,-9.521,78.110,16.151,87.172,0.003
30.356,-65.532,1.230,90.737,14.008,68.706,-19.065,-35.000,-75.215,-9.727,77.261,16.416,88.091,0.052
30.356,-65.415,1.162,90.796,14.283,68.628,-19.267,-35.000,-75.234,-9.902,77.065,16.688,88.345,-0.060
30.356,-64.985,1.084,91.108,14.612,68.007,-19.635,-35.000,-75.215,-10.059,77.515,16.967,87.942,-0.348
30.356,-64.868,1.025,91.167,14.886,67.930,-19.833,-35.000,-75.215,-10.234,77.319,17.241,88.180,-0.462
30.356,-64.790,0.947,91.147,15.155,67.973,-20.019,-34.961,-75.254,-10.469,77.026,17.522,88.558,-0.552
30.356,-64.497,0.869,91.343,15.468,67.603,-20.329,-34.961,-75.234,-10.645,77.183,17.803,88.445,-0.774
30.356,-64.868,0.811,91.011,15.654,68.376,-20.274,-34.961,-75.293,-10.859,75.991,18.072,89.701,-0.594
30.356,-64.517,0.732,91.265,15.978,67.896,-20.620,-34.961,-75.293,-11.035,76.304,18.348,89.460,-0.856
30.356,-64.243,0.674,91.421,16.280,67.582,-20.899,-34.961,-75.293,-11.211,76.392,18.624,89.435,-1.048
30.356,-64.233,0.605,91.401,16.539,67.694,-21.056,-34.961,-75.293,-11.406,75.962,18.903,89.907,-1.090
30.356,-64.019,0.547,91.499,16.829,67.495,-21.303,-34.961,-75.293,-11.582,75.942,19.178,89.986,-1.245
30.356,-64.019,0.469,91.440,17.085,67.659,-21.455,-34.961,-75.312,-11.777,75.474,19.454,90.514,-1.263
30.356,-63.921,0.410,91.479,17.356,67.631,-21.648,-34.961,-75.312,-11.973,75.239,19.735,90.804,-1.359
30.356,-63.687,0.352,91.577,17.651,67.418,-21.905,-34.961,-75.312,-12.148,75.239,20.009,90.868,-1.516
30.356,-63.608,0.293,91.597,17.918,67.430,-22.088,-34.961,-75.312,-12.344,74.946,20.291,91.214,-1.588
30.356,-63.267,0.225,91.802,18.246,67.019,-22.432,-34.961,-75.293,-12.520,75.161,20.567,91.061,-1.823
30.356,-62.808,0.166,91.978,18.586,66.525,-22.803,-34.961,-75.293,-12.686,75.571,20.837,90.742,-2.115
30.356,-62.749,0.107,92.017,18.854,66.541,-22.990,-34.961,-75.293,-12.881,75.259,21.117,91.110,-2.176
30.356,-62.837,0.049,91.909,19.082,66.836,-23.074,-34.961,-75.283,-13.096,74.614,21.408,91.785,-2.132
30.356,-62.583,-0.010,92.026,19.388,66.596,-23.359,-34.961,-75.283,-13.291,74.653,21.686,91.827,-2.315
30.356,-62.397,-0.068,92.124,19.684,66.442,-23.615,-34.961,-75.264,-13.486,74.556,21.970,91.979,-2.451
30.356,-62.593,-0.127,91.968,19.886,66.885,-23.637,-34.961,-75.244,-13.721,73.696,22.275,92.852,-2.333
30.356,-62.095,-0.186,92.222,20.252,66.293,-24.070,-34.961,-75.244,-13.877,74.204,22.535,92.450,-2.655
30.356,-62.437,-0.234,91.978,20.412,66.954,-23.990,-34.961,-75.225,-14.131,73.052,22.855,93.599,-2.428
30.356,-62.046,-0.293,92.153,20.751,66.540,-24.357,-34.961,-75.215,-14.307,73.354,23.124,93.388,-2.691
30.356,-61.987,-0.332,92.153,21.005,66.595,-24.512,-34.961,-75.195,-14.521,73.003,23.420,93.785,-2.733
30.356,-61.909,-0.391,92.192,21.276,66.603,-24.709,-34.961,-75.176,-14.736,72.700,23.715,94.138,-2.790
30.356,-61.538,-0.449,92.329,21.611,66.250,-25.063,-34.961,-75.166,-14.912,72.925,23.985,94.003,-3.022
30.356,-61.216,-0.488,92.466,21.933,65.937,-25.382,-34.961,-75.146,-15.107,73.062,24.263,93.950,-3.239
30.356,-61.528,-0.547,92.290,22.101,66.511,-25.333,-34.961,-75.098,-15.361,71.987,24.600,94.996,-3.012
30.356,-61.255,-0.586,92.388,22.408,66.282,-25.618,-34.961,-75.078,-15.557,72.026,24.882,95.033,-3.184
30.356,-61.128,-0.645,92.437,22.689,66.243,-25.843,-34.961,-75.049,-15.771,71.821,25.179,95.292,-3.272
30.356,-60.405,-0.684,92.671,23.107,65.479,-26.384,-34.961,-75.049,-15.928,72.642,25.417,94.628,-3.738
30.356,-60.522,-0.723,92.612,23.317,65.760,-26.441,-34.961,-75.020,-16.162,71.987,25.735,95.303,-3.647
30.356,-60.269,-0.781,92.690,23.630,65.582,-26.740,-34.961,-74.990,-16.357,71.968,26.020,95.390,-3.795
30.356,-60.190,-0.820,92.710,23.891,65.614,-26.916,-34.961,-74.961,-16.592,71.665,26.327,95.749,-3.849
30.356,-60.151,-0.859,92.710,24.140,65.699,-27.066,-34.961,-74.902,-16.826,71.216,26.648,96.213,-3.843
30.356,-59.858,-0.898,92.769,24.451,65.501,-27.358,-34.961,-74.893,-17.021,71.274,26.926,96.252,-4.014
30.356,-60.015,-0.937,92.710,24.649,65.820,-27.392,-34.961,-74.819,-17.295,70.503,27.280,97.007,-3.891
30.356,-59.780,-0.977,92.769,24.948,65.678,-27.659,-34.961,-74.790,-17.510,70.454,27.573,97.133,-4.031
30.356,-59.282,-1.016,92.905,25.320,65.228,-28.088,-34.961,-74.790,-17.686,70.884,27.822,96.847,-4.351
30.356,-59.302,-1.055,92.886,25.552,65.390,-28.203,-34.961,-74.731,-17.930,70.356,28.156,97.386,-4.299
30.356,-59.243,-1.094,92.905,25.807,65.446,-28.372,-34.961,-74.673,-18.174,69.985,28.483,97.787,-4.316
30.356,-59.087,-1.133,92.944,26.088,65.399,-28.598,-34.961,-74.624,-18.408,69.780,28.796,98.047,-4.397
30.356,-58.599,-1.172,93.062,26.460,64.985,-29.027,-34.961,-74.624,-18.584,70.181,29.043,97.795,-4.706
30.356,-58.442,-1.211,93.062,26.734,64.976,-29.237,-34.961,-74.580,-18.809,69.980,29.353,98.053,-4.778
30.356,-58.286,-1.250,93.081,27.012,64.951,-29.458,-34.961,-74.502,-19.062,69.707,29.683,98.359,-4.847
30.356,-58.481,-1.270,93.022,27.184,65.300,-29.443,-34.961,-74.404,-19.355,68.828,30.076,99.192,-4.645
30.356,-58.208,-1.309,93.081,27.497,65.138,-29.743,-34.971,-74.385,-19.551,68.877,30.356,99.247,-4.808
30.356,-57.896,-1.309,93.159,27.589,64.792,-29.943,-34.971,-74.424,-19.492,69.463,30.286,98.748,-5.045
30.356,-58.579,-1.270,93.022,27.162,65.387,-29.394,-34.971,-74.404,-19.355,68.701,30.086,99.305,-4.590
30.356,-58.501,-1.240,93.062,26.955,65.155,-29.331,-34.971,-74.468,-19.082,69.321,29.724,98.678,-4.692
30.356,-58.716,-1.201,92.983,26.652,65.286,-29.053,-34.971,-74.507,-18.857,69.380,29.425,98.538,-4.557
30.356,-58.521,-1.182,93.062,26.482,64.920,-29.075,-34.961,-74.614,-18.574,70.288,29.037,97.688,-4.755
30.356,-58.921,-1.133,92.954,26.127,65.241,-28.684,-34.946,-74.619,-18.408,70.015,28.782,97.831,-4.499
30.356,-58.999,-1.094,92.954,25.871,65.183,-28.513,-34.946,-74.678,-18.174,70.386,28.457,97.434,-4.493
30.356,-59.155,-1.055,92.915,25.589,65.231,-28.286,-34.946,-74.717,-17.939,70.581,28.149,97.173,-4.406
30.356,-59.448,-1.016,92.856,25.275,65.422,-27.987,-34.946,-74.746,-17.734,70.542,27.864,97.126,-4.234
30.356,-59.585,-0.977,92.817,24.998,65.456,-27.772,-34.946,-74.785,-17.510,70.767,27.557,96.846,-4.165
30.356,-59.702,-0.937,92.817,24.733,65.438,-27.585,-34.946,-74.824,-17.275,71.050,27.245,96.511,-4.111
30.356,-59.917,-0.898,92.759,24.437,65.563,-27.327,-34.946,-74.863,-17.061,71.167,26.947,96.332,-3.995
30.356,-59.829,-0.859,92.827,24.227,65.299,-27.264,-34.946,-74.941,-16.807,71.851,26.605,95.667,-4.085
30.356,-59.868,-0.820,92.788,23.970,65.248,-27.095,-34.946,-74.956,-16.582,72.183,26.304,95.271,-4.059
30.356,-60.483,-0.781,92.632,23.577,65.833,-26.619,-34.946,-74.956,-16.426,71.558,26.062,95.751,-3.670
30.356,-60.552,-0.732,92.583,23.310,65.817,-26.426,-34.937,-74.985,-16.211,71.860,25.760,95.398,-3.622
30.356,-60.562,-0.684,92.603,23.065,65.686,-26.287,-34.937,-75.024,-15.977,72.329,25.446,94.899,-3.632
30.356,-61.050,-0.645,92.446,22.705,66.162,-25.880,-34.937,-75.024,-15.811,71.890,25.191,95.215,-3.320
30.356,-60.933,-0.586,92.524,22.489,65.858,-25.810,-34.937,-75.083,-15.557,72.632,24.860,94.479,-3.415
30.356,-61.089,-0.547,92.466,22.207,65.941,-25.587,-34.937,-75.103,-15.361,72.788,24.573,94.264,-3.322
30.356,-61.265,-0.488,92.407,21.915,66.037,-25.338,-34.937,-75.122,-15.146,72.925,24.282,94.059,-3.202
30.356,-61.421,-0.449,92.388,21.640,66.086,-25.133,-34.937,-75.151,-14.932,73.140,23.987,93.793,-3.108
30.356,-61.499,-0.391,92.349,21.369,66.076,-24.934,-34.937,-75.171,-14.736,73.433,23.697,93.454,-3.064
30.356,-61.890,-0.352,92.231,21.041,66.438,-24.600,-34.937,-75.190,-14.541,73.198,23.421,93.601,-2.806
30.356,-62.202,-0.293,92.095,20.718,66.740,-24.275,-34.937,-75.190,-14.365,73.042,23.151,93.667,-2.604
30.356,-62.339,-0.234,92.056,20.438,66.789,-24.057,-34.937,-75.200,-14.160,73.247,22.863,93.400,-2.515
30.356,-62.104,-0.176,92.192,20.242,66.326,-24.045,-34.937,-75.220,-13.916,74.155,22.551,92.479,-2.655
30.356,-62.476,-0.117,92.036,19.909,66.708,-23.696,-34.937,-75.234,-13.740,73.896,22.279,92.657,-2.406
30.356,-62.563,-0.068,91.997,19.641,66.718,-23.507,-34.937,-75.273,-13.525,74.229,21.982,92.298,-2.338
30.356,-62.505,-0.010,92.095,19.410,66.458,-23.412,-34.937,-75.273,-13.311,74.814,21.691,91.668,-2.371
30.356,-62.466,0.049,92.134,19.166,66.273,-23.286,-34.937,-75.273,-13.115,75.322,21.409,91.116,-2.388
30.356,-63.071,0.107,91.802,18.781,67.050,-22.802,-34.937,-75.273,-12.959,74.580,21.146,91.744,-1.984
30.356,-63.071,0.166,91.841,18.531,66.904,-22.664,-34.937,-75.273,-12.744,75.049,20.858,91.224,-1.964
30.356,-63.267,0.225,91.802,18.246,67.019,-22.432,-34.937,-75.283,-12.559,75.137,20.579,91.080,-1.829
30.356,-63.384,0.283,91.724,17.966,67.098,-22.215,-34.937,-75.283,-12.363,75.352,20.299,90.806,-1.731
30.356,-63.618,0.352,91.606,17.663,67.325,-21.937,-34.937,-75.288,-12.187,75.322,20.024,90.773,-1.563
30.356,-63.540,0.410,91.685,17.427,67.072,-21.837,-34.937,-75.288,-11.973,75.947,19.738,90.108,-1.582
30.356,-63.853,0.469,91.548,17.117,67.397,-21.541,-34.937,-75.288,-11.797,75.791,19.463,90.192,-1.370
30.356,-63.931,0.547,91.548,16.845,67.364,-21.346,-34.937,-75.288,-11.602,76.104,19.184,89.829,-1.294
30.356,-64.302,0.605,91.333,16.524,67.825,-21.014,-34.937,-75.288,-11.445,75.801,18.913,90.061,-1.052
30.356,-64.116,0.664,91.509,16.307,67.378,-20.974,-34.937,-75.278,-11.230,76.650,18.632,89.175,-1.129
30.356,-64.214,0.742,91.470,16.028,67.405,-20.761,-34.937,-75.269,-11.035,76.895,18.355,88.870,-1.025
30.356,-64.644,0.801,91.216,15.701,67.965,-20.409,-34.937,-75.269,-10.879,76.465,18.083,89.227,-0.742
30.356,-65.073,0.879,90.903,15.365,68.579,-20.028,-34.937,-75.288,-10.723,76.016,17.807,89.624,-0.452
30.356,-64.966,0.957,91.040,15.125,68.244,-19.929,-34.937,-75.269,-10.527,76.719,17.532,88.876,-0.486
30.356,-64.985,1.016,91.040,14.866,68.168,-19.775,-34.937,-75.249,-10.332,77.090,17.258,88.444,-0.415
30.356,-65.200,1.094,90.942,14.575,68.373,-19.522,-34.937,-75.249,-10.156,77.109,16.982,88.374,-0.251
30.356,-65.083,1.172,91.079,14.333,68.030,-19.421,-34.937,-75.190,-9.961,77.754,16.717,87.645,-0.262
30.356,-65.562,1.230,90.718,14.004,68.753,-19.052,-34.937,-75.229,-9.805,77.227,16.433,88.144,0.053
30.356,-65.718,1.309,90.659,13.723,68.868,-18.830,-34.937,-75.220,-9.629,77.373,16.160,87.946,0.182
30.356,-65.737,1.387,90.659,13.458,68.794,-18.659,-34.937,-75.181,-9.453,77.725,15.893,87.524,0.250
30.356,-65.669,1.465,90.757,13.206,68.540,-18.532,-34.946,-75.132,-9.258,78.291,15.627,86.884,0.271
30.356,-65.903,1.543,90.640,12.916,68.791,-18.279,-34.946,-75.122,-9.082,78.271,15.351,86.849,0.453
30.356,-66.021,1.621,90.581,12.639,68.873,-18.070,-34.946,-75.103,-8.916,78.447,15.082,86.620,0.572
30.356,-66.177,1.699,90.464,12.355,69.052,-17.840,-34.946,-75.073,-8.760,78.506,14.815,86.498,0.713
30.356,-66.313,1.777,90.405,12.078,69.155,-17.630,-34.946,-75.063,-8.584,78.691,14.541,86.269,0.845
30.356,-66.274,1.855,90.503,11.822,68.935,-17.494,-34.946,-74.985,-8.408,79.160,14.284,85.700,0.895
30.356,-66.626,1.934,90.229,11.520,69.462,-17.192,-34.946,-75.005,-8.252,78.848,14.002,85.988,1.142
30.356,-66.675,2.012,90.190,11.249,69.464,-17.009,-34.946,-74.976,-8.076,79.180,13.733,85.601,1.241
30.356,-66.948,2.090,89.995,10.960,69.842,-16.748,-34.946,-74.976,-7.920,79.023,13.457,85.722,1.445
30.356,-66.948,2.187,90.073,10.693,69.680,-16.580,-34.946,-74.897,-7.744,79.434,13.197,85.214,1.521
30.356,-67.173,2.266,89.897,10.410,69.993,-16.338,-34.946,-74.897,-7.588,79.395,12.922,85.224,1.699
30.356,-67.241,2.354,89.810,10.133,70.066,-16.135,-34.946,-74.858,-7.412,79.590,12.652,84.964,1.837
30.356,-67.437,2.432,89.673,9.855,70.316,-15.912,-34.946,-74.858,-7.256,79.629,12.378,84.900,2.000
30.356,-67.612,2.529,89.536,9.572,70.544,-15.674,-34.946,-74.839,-7.100,79.648,12.106,84.838,2.164
30.356,-67.847,2.607,89.341,9.293,70.892,-15.440,-34.946,-74.829,-6.943,79.590,11.832,84.863,2.346
30.356,-67.769,2.705,89.458,9.028,70.622,-15.292,-34.946,-74.741,-6.768,80.127,11.574,84.226,2.413
30.356,-67.905,2.783,89.360,8.757,70.781,-15.094,-34.946,-74.712,-6.611,80.234,11.305,84.072,2.562
30.356,-68.140,2.881,89.165,8.474,71.131,-14.846,-34.946,-74.707,-6.455,80.151,11.028,84.129,2.753
30.356,-68.120,2.979,89.263,8.207,70.941,-14.685,-34.946,-74.609,-6.299,80.581,10.773,83.594,2.832
30.356,-68.208,3.076,89.185,7.931,71.034,-14.480,-34.946,-74.570,-6.143,80.776,10.506,83.347,2.968
30.356,-68.403,3.154,89.028,7.660,71.313,-14.271,-34.946,-74.551,-5.986,80.757,10.232,83.331,3.148
30.356,-68.618,3.252,88.774,7.380,71.708,-14.029,-34.946,-74.541,-5.830,80.659,9.955,83.404,3.344
30.356,-68.501,3.350,88.989,7.115,71.311,-13.896,-34.946,-74.414,-5.674,81.294,9.706,82.641,3.396
30.356,-68.501,3.447,89.028,6.844,71.204,-13.722,-34.946,-74.316,-5.518,81.626,9.448,82.206,3.510
30.356,-68.794,3.545,88.735,6.566,71.720,-13.471,-34.946,-74.336,-5.381,81.392,9.168,82.449,3.717
30.356,-68.813,3.633,88.755,6.299,71.656,-13.305,-34.946,-74.258,-5.225,81.743,8.907,82.016,3.836
30.356,-69.067,3.730,88.501,6.025,72.097,-13.071,-34.946,-74.258,-5.068,81.587,8.626,82.163,4.046
30.356,-69.009,3.828,88.677,5.757,71.802,-12.920,-34.946,-74.121,-4.912,82.095,8.373,81.519,4.140
30.356,-69.302,3.926,88.286,5.483,72.420,-12.674,-34.946,-74.160,-4.775,81.782,8.089,81.865,4.359
30.356,-69.360,4.023,88.267,5.213,72.438,-12.493,-34.946,-74.082,-4.619,82.036,7.824,81.533,4.502
30.356,-69.399,4.141,88.267,4.936,72.417,-12.295,-34.946,-74.004,-4.482,82.310,7.564,81.185,4.626
30.356,-69.663,4.238,87.935,4.669,72.952,-12.069,-34.946,-74.023,-4.326,82.114,7.279,81.397,4.845
30.356,-69.546,4.336,88.169,4.397,72.546,-11.926,-34.946,-73.857,-4.189,82.739,7.033,80.616,4.920
30.356,-69.683,4.443,88.022,4.126,72.773,-11.721,-34.946,-73.818,-4.033,82.778,6.758,80.540,5.105
30.356,-69.800,4.541,87.905,3.858,72.953,-11.531,-34.946,-73.770,-3.896,82.896,6.490,80.380,5.262
30.356,-70.161,4.658,87.407,3.593,73.755,-11.282,-34.946,-73.828,-3.760,82.417,6.202,80.921,5.496
30.356,-70.034,4.756,87.749,3.320,73.237,-11.143,-34.946,-73.633,-3.604,83.101,5.950,80.053,5.598
30.356,-70.151,4.873,87.554,3.047,73.497,-10.934,-34.946,-73.594,-3.467,83.140,5.679,79.985,5.768
30.356,-70.337,4.971,87.310,2.786,73.877,-10.742,-34.946,-73.594,-3.330,83.101,5.403,80.034,5.950
30.356,-70.454,5.088,87.192,2.516,74.063,-10.543,-34.946,-73.545,-3.193,83.208,5.134,79.891,6.114
30.356,-70.396,5.186,87.349,2.243,73.802,-10.386,-34.946,-73.384,-3.057,83.672,4.877,79.281,6.240
30.356,-70.630,5.303,87.017,1.981,74.321,-10.176,-34.946,-73.384,-2.920,83.457,4.598,79.510,6.439
30.356,-70.630,5.420,87.114,1.706,74.179,-9.993,-34.946,-73.247,-2.783,83.809,4.336,79.039,6.582
30.356,-70.708,5.518,87.017,1.441,74.312,-9.822,-34.946,-73.188,-2.646,83.984,4.066,78.822,6.748
30.356,-70.659,5.635,87.212,1.161,74.026,-9.641,-34.946,-73.003,-2.510,84.434,3.807,78.207,6.890
30.356,-70.952,5.752,86.704,0.909,74.785,-9.439,-34.946,-73.081,-2.373,84.082,3.521,78.656,7.104
30.356,-71.030,5.869,86.626,0.640,74.901,-9.253,-34.946,-73.013,-2.236,84.248,3.250,78.443,7.275
30.356,-71.108,5.986,86.567,0.372,74.999,-9.069,-34.946,-72.915,-2.100,84.404,2.980,78.212,7.447
30.356,-71.167,6.084,86.528,0.108,75.060,-8.906,-34.946,-72.817,-1.982,84.600,2.715,77.944,7.601
30.356,-71.245,6.211,86.392,-0.162,75.239,-8.713,-34.946,-72.739,-1.846,84.697,2.442,77.793,7.781
30.356,-71.265,6.328,86.470,-0.436,75.146,-8.531,-34.946,-72.583,-1.709,84.971,2.172,77.390,7.954
30.356,-71.343,6.445,86.353,-0.703,75.308,-8.351,-34.946,-72.505,-1.572,85.107,1.898,77.203,8.138
30.356,-71.382,6.562,86.333,-0.974,75.335,-8.171,-34.946,-72.397,-1.455,85.322,1.631,76.911,8.300
30.356,-71.724,6.689,85.669,-1.208,76.308,-7.999,-34.946,-72.534,-1.318,84.834,1.345,77.566,8.508
30.356,-71.626,6.807,85.962,-1.496,75.889,-7.813,-34.946,-72.280,-1.201,85.371,1.083,76.807,8.664
