1.128337886,-0.736928457,0,0,-2.632931147,0
-2.150347699,6.004238669,0,0,0.966744844,0
-1.837765366,-0.076095771,0,0,2.006633864,0
0.109643781,0.17434922,0,0,-0.798404053,0
1.209708577,2.465545428,0,0,1.455341578,0
-0.977616416,-5.201116394,0,0,1.401986287,0
2.680976806,1.462618129,0,0,-0.412532046,0
-0.335382187,-4.043410787,0,0,-0.294980777,0
1.005055732,2.423345654,0,0,-0.263295616,0
1.86989296,0.305076684,0,0,-0.685717337,0
1.611976026,3.329921143,0,0,0.795575734,0
-1.363891231,1.274256673,0,0,-0.351906836,0
-0.644544112,-1.667596761,0,0,0.395592896,0
-1.50294377,-2.292727075,0,0,0.041953724,0
2.075005256,2.603607078,0,0,-0.719918318,0
-3.157672362,1.673303712,0,0,-0.018013932,0
0.777203748,1.498577557,0,0,0.463817907,0
0.180597055,-0.790937578,0,0,-0.455306703,0
-1.998626246,1.450687494,0,0,-0.171899662,0
1.035970708,1.878243139,0,0,-1.779513486,0
4.889116829,-0.339839051,0,0,-0.773891747,0
-0.532738106,-1.728005706,0,0,1.824346294,0
-2.270397408,-0.384486817,0,0,0.827068843,0
0.985629749,1.400385319,0,0,-2.217878382,0
-2.886372073,0.579115158,0,0,-2.26942472,0
1.836559726,-1.150110646,0,0,0.329626283,0
-0.708601057,-2.171053389,0,0,2.27228439,0
-1.385567182,-0.898531878,0,0,0.817315593,0
-0.887332885,-1.424199633,0,0,0.63579091,0
1.688102861,-0.543780353,0,0,-1.283765082,0
1.200694691,-1.329494224,0,0,-0.498274743,0
1.522635679,0.405276295,0,0,1.551480966,0
0.063967279,-1.366457155,0,0,1.635388075,0
0.035565817,-2.607737667,0,0,1.677498986,0
1.982520836,1.586265106,0,0,-3.05131139,0
-1.062262529,3.438289511,0,0,0.640568964,0
1.334749883,1.446792201,0,0,2.486016783,0
0.560380693,-0.565930181,0,0,-0.940326515,0
-0.316590069,1.681570683,0,0,-0.052540647,0
0.977137721,0.409268997,0,0,0.766383072,0
-0.717463202,2.24803372,0,0,0.896868577,0
0.150487923,1.182862563,0,0,0.153356147,0
0.75602474,-0.819958675,0,0,1.780714071,0
-1.709694918,3.882871971,0,0,1.987620896,0
-2.15766897,-4.482218466,0,0,0.001850463,0
-1.920909627,-2.119092465,0,0,-0.570715777,0
-0.096280421,0.74109892,0,0,-0.12540142,0
1.022548542,0.187327131,0,0,-0.09001875,0
2.387066624,0.869220607,0,0,0.224445992,0
-0.170208263,-2.076565831,0,0,0.334645331,0
1.054549142,-0.069676561,0,0,-0.369320909,0
-4.446347821,0.237445302,0,0,-0.620726526,0
6.391403588,1.334865307,0,0,-0.146283754,0
-2.509616185,-0.984378476,0,0,-0.18302742,0
-2.58247385,0.811863616,0,0,0.340710723,0
-1.147242571,2.320819071,0,0,0.104016356,0
2.809461477,2.457175582,0,0,-1.386970065,0
1.232531618,-3.488967613,0,0,-0.685851273,0
1.660097396,-2.815609693,0,0,0.580518046,0
1.260758169,-1.740306796,0,0,-0.61505029,0
-1.012983157,1.517941241,0,0,-0.099514441,0
1.901400919,-2.29175393,0,0,-1.310626741,0
4.24104371,3.098190651,0,0,-0.926099317,0
-0.307259834,-3.76197572,0,0,0.288459071,0
0.635247262,-0.68136648,0,0,-1.058068634,0
2.025576154,-3.143200702,0,0,-1.13764274,0
3.36236638,-0.389230111,0,0,-0.440205055,0
2.121255265,3.940131102,0,0,0.553218902,0
-0.950132234,4.073490585,0,0,-0.008095692,0
1.872530716,-3.132318856,0,0,0.046236908,0
4.800210965,-2.309139632,0,0,0.980622295,0
0.033784534,-0.396731241,0,0,-0.656592152,0
3.172638705,-4.851436552,0,0,-0.436067637,0
-1.490835322,-2.970676807,0,0,0.231010168,0
-0.358450558,-2.898720907,0,0,-0.193358061,0
-1.749064481,1.826693426,0,0,0.252445468,0
4.026630632,-0.338665215,0,0,-1.984014652,0
2.311346821,-0.361937123,0,0,-0.006556987,0
0.726646484,1.178040724,0,0,-0.276401596,0
-2.09022095,0.178862364,0,0,0.025321209,0
0.537503583,1.479730943,0,0,0.007252737,0
-1.352326859,2.096410817,0,0,0.59645857,0
-1.885469614,-0.096110051,0,0,-0.407675684,0
-0.890631586,-0.990211132,0,0,0.171075951,0
-0.963772869,1.266827744,0,0,-1.424005124,0
-1.016904041,-0.736208999,0,0,-1.530433899,0
-1.772245606,-0.945092031,0,0,1.474779991,0
-1.910948128,-1.760125832,0,0,0.225106982,0
2.618092953,-0.966876981,0,0,-1.380559771,0
-0.661544515,1.253105987,0,0,-1.702161613,0
0.261654825,2.50335317,0,0,0.251310287,0
-1.243687731,1.553678548,0,0,2.242996596,0
2.626253481,0.781885934,0,0,-0.502685962,0
-3.447599474,2.105116079,0,0,0.94354857,0
-2.88078553,1.685039202,0,0,-0.403626492,0
-2.270828172,-2.464238455,0,0,0.818477547,0
-1.150458467,0.997875338,0,0,0.643810894,0
-0.183511455,-2.896475997,0,0,1.08782485,0
0.598714451,1.422479178,0,0,-1.73323803,0
-2.160276352,-0.816217642,0,0,0.392151883,0
-1.628805055,0.83101853,0,0,1.600398679,0
-0.46085902,1.432542655,0,0,0.258377567,0
1.145965116,-0.445834338,0,0,0.951383816,0
-0.440826416,6.058266684,0,0,0.184914368,0
1.563270022,-2.046558786,0,0,0.915642938,0
0.552424332,-2.764977978,0,0,-0.987478024,0
-2.402640228,-0.679908075,0,0,0.506459797,0
2.86332251,2.16796187,0,0,1.603262676,0
-2.711925886,0.020816263,0,0,1.219414701,0
0.68812124,-0.716969523,0,0,2.202947302,0
1.53012187,-0.474202355,0,0,1.575586076,0
1.340664726,3.150444534,0,0,2.169336528,0
0.037794042,-0.832248537,0,0,0.216612365,0
1.153505449,1.740041608,0,0,0.127230059,0
-1.742966187,-3.72609967,0,0,-0.207657784,0
-1.543284686,1.186464886,0,0,-0.432008222,0
2.972684361,-1.330516767,0,0,-1.585088057,0
1.1227935,-2.181087411,0,0,0.57748278,0
-0.279777677,-3.008067255,0,0,-0.844890883,0
1.547601406,1.418167507,0,0,-1.236485845,0
-1.215516921,0.663919697,0,0,0.824707622,0
-1.165861087,-4.417295494,0,0,0.867593596,0
-3.432519504,-0.943355295,0,0,-0.654679099,0
1.76750599,1.017297021,0,0,1.185320102,0
-1.68931331,-0.214949823,0,0,1.984190031,0
0.613065663,-0.003168209,0,0,-2.162987164,0
1.400447493,1.929346698,0,0,-0.692278827,0
0.447266715,2.595380222,0,0,-0.346107607,0
-3.445499858,0.466057503,0,0,0.375928445,0
0.895979835,-0.385443289,0,0,-0.023621276,0
-4.818450304,0.445385468,0,0,-0.796329592,0
-0.383067934,0.13987376,0,0,0.342490754,0
0.637768317,0.435993162,0,0,1.444378198,0
2.149111241,-2.305591153,0,0,-0.334536319,0
0.583725035,-2.492400362,0,0,-1.483769072,0
5.415111556,-1.136317949,0,0,1.972973729,0
-0.677936622,1.854405957,0,0,-0.786379321,0
0.319977845,-0.267805553,0,0,0.441067925,0
2.742438802,3.241715292,0,0,0.170454091,0
0.169704218,1.182378906,0,0,1.331730193,0
-3.718380111,0.300227218,0,0,-1.501020949,0
-0.095884464,-2.279178302,0,0,0.664188905,0
-0.649469125,4.33940849,0,0,1.102331063,0
-1.17413122,-0.849010569,0,0,-0.017267045,0
-1.263247048,1.600269189,0,0,-1.54697956,0
-0.107336808,-1.369391627,0,0,0.160268723,0
0.033611186,-2.516806137,0,0,-0.232265016,0
2.220819809,-1.068025925,0,0,-0.105904462,0
-0.034810145,0.585066616,0,0,0.678647653,0
2.363578618,0.324417456,0,0,-0.946442898,0
0.963575401,1.221354752,0,0,-0.31318136,0
-2.128142572,-1.213457847,0,0,0.254081209,0
-4.238948688,-0.827502505,0,0,0.254414585,0
-2.030435799,-1.3953042,0,0,-0.110574106,0
-1.508110709,1.688571991,0,0,-0.422666067,0
3.791859765,-0.0164662,0,0,-2.655817455,0
-1.648943519,1.214108213,0,0,-0.188968869,0
1.645181879,1.808365201,0,0,-0.45984552,0
-0.30807701,2.765306117,0,0,1.242690434,0
1.309127913,1.871908539,0,0,-0.153906979,0
1.563702524,0.46394289,0,0,1.199051724,0
1.172585151,1.913924698,0,0,1.51678056,0
0.865303208,-1.320684165,0,0,-0.453267692,0
4.221807776,2.226511117,0,0,0.693041562,0
2.118377441,1.055677314,0,0,-0.361366043,0
-3.675434827,-2.170766213,0,0,2.364685482,0
0.884904258,-1.700008591,0,0,0.636321725,0
-0.591079971,2.235868304,0,0,-0.340155959,0
-1.816054949,-0.330115681,0,0,-0.165487148,0
-0.760286427,-0.360631956,0,0,-0.185677928,0
1.159709322,-1.778609397,0,0,0.320395816,0
0.484356855,1.306460245,0,0,0.566540748,0
2.4362419,-4.632737691,0,0,0.146579669,0
-1.141921475,1.235337264,0,0,-0.825699302,0
1.813989455,-0.982503407,0,0,-1.202223809,0
-1.603811965,0.940151209,0,0,1.218375267,0
-0.473974937,0.512422138,0,0,0.096825346,0
-1.774800939,1.579820192,0,0,0.323400918,0
-0.338398713,-1.793816964,0,0,-0.273456381,0
-5.612281723,5.69744173,0,0,-1.601981149,0
-2.257188821,2.624615077,0,0,-1.041161609,0
-2.194013463,4.045673326,0,0,0.242879103,0
-1.100570499,-0.68612013,0,0,1.358290029,0
-2.359387249,-1.428679457,0,0,0.505082656,0
2.930104763,-1.843897719,0,0,0.874766288,0
-3.263826379,1.016357378,0,0,1.041336007,0
-2.202748016,-0.560115683,0,0,1.917751337,0
0.358739445,1.534388844,0,0,0.173166469,0
-2.70064447,1.019454563,0,0,-0.298734698,0
0.327180651,-3.096966312,0,0,-0.367158866,0
1.758044272,1.481433275,0,0,0.575172043,0
2.169503662,-3.441960623,0,0,0.343982426,0
0.475446696,-1.015598303,0,0,0.766097627,0
-5.361112459,4.102818898,0,0,0.107132803,0
2.158058951,1.395291803,0,0,-0.385787514,0
1.52711924,-0.27225231,0,0,0.819268506,0
0.638224316,2.333322053,0,0,-0.441446809,0
1.05022115,-3.929596719,0,0,0.211589185,0
0.309259071,4.240194039,0,0,1.83847687,0
1.203574501,-1.529798326,0,0,-0.032970785,0
2.215929968,0.590835078,0,0,0.928858621,0
1.965655495,-1.273440011,0,0,-0.137583404,0
-1.361143428,-2.26172078,0,0,0.505420652,0
0.836941379,-1.286536481,0,0,0.739077373,0
-0.792083388,-0.183852916,0,0,0.828896925,0
2.610583795,1.538269711,0,0,-0.302537842,0
-1.256433942,1.078581778,0,0,0.149858421,0
2.635234026,1.100105297,0,0,-0.360112364,0
-0.544287819,0.959282651,0,0,0.713756116,0
-4.293875456,2.106900879,0,0,-2.48613741,0
-2.407026215,0.609429294,0,0,1.617521305,0
-1.317891774,1.380491638,0,0,-0.109690691,0
-0.005303832,-2.834025413,0,0,0.333298685,0
-1.09741571,-1.44573483,0,0,0.170116455,0
1.295694068,-0.221648716,0,0,0.538432164,0
0.127455121,-0.840951365,0,0,1.082065489,0
-1.541384648,1.454942102,0,0,-0.51064882,0
-0.707825532,1.264509394,0,0,0.604248317,0
-1.033774014,0.686172453,0,0,-0.484496775,0
1.397614767,0.900761425,0,0,0.146235219,0
1.518520212,-0.778564684,0,0,1.891519439,0
0.496268986,4.521876459,0,0,0.301554813,0
0.447697957,2.169396716,0,0,-2.181836114,0
0.540926334,-1.551126733,0,0,-1.740309806,0
0.229942975,1.074980956,0,0,-0.122815116,0
0.705609252,3.492220064,0,0,-0.590005108,0
-0.520138587,3.400647762,0,0,-2.278554643,0
0.123335475,-0.565556142,0,0,-0.371940198,0
0.516763646,1.94276502,0,0,1.371355596,0
-1.549165564,0.006413663,0,0,-0.742959938,0
1.624297845,-0.839957252,0,0,-0.593140452,0
2.312477751,-1.116106909,0,0,1.157021936,0
-2.207452934,1.227091631,0,0,0.97922072,0
1.635566498,0.895392841,0,0,-1.071367585,0
-0.530965195,-3.047685387,0,0,1.230332407,0
3.315435755,-0.547741239,0,0,0.349327981,0
-0.246372247,0.373369986,0,0,0.069120929,0
-0.069336736,-1.919640797,0,0,-0.194735303,0
-1.429252343,-1.073922271,0,0,0.164669198,0
-0.765651966,-1.926740704,0,0,-0.835012789,0
-1.566981541,1.941077419,0,0,1.902007629,0
0.435080608,-3.479225863,0,0,-1.247562326,0
-1.515287843,-0.579399286,0,0,0.777632049,0
-1.374963897,1.052818908,0,0,-0.041035378,0
1.402221474,-0.545505226,0,0,-0.780519083,0
-3.700971311,-3.392071162,0,0,0.597556809,0
2.555777748,0.98818604,0,0,0.084849018,0
0.359626829,-1.976586353,0,0,-0.088697083,0
0.178938558,-1.107943297,0,0,-1.140385407,0
-1.524029697,-2.489833607,0,0,0.05761192,0
1.048605735,-0.449978212,0,0,0.444434368,0
-0.17056935,1.364664831,0,0,0.681987372,0
-1.644679686,3.504151165,0,0,0.462856464,0
-1.388574869,0.72523392,0,0,1.755431432,0
-0.363177391,-1.662283202,0,0,-0.976653573,0
-1.263931826,1.60372253,0,0,1.235593633,0
0.597630101,-2.711983956,0,0,-0.585953158,0
0.857021517,0.668826345,0,0,0.409191743,0
2.350716928,0.929328666,0,0,0.874600853,0
0.432796498,-1.263841588,0,0,0.450815679,0
-1.131438911,1.111924709,0,0,0.009316092,0
2.330969009,0.354614994,0,0,0.592382927,0
0.479692269,-1.525296652,0,0,-1.82853815,0
-1.587844432,-5.416398964,0,0,0.386353301,0
2.836638303,-1.707199201,0,0,-1.205019888,0
1.421965249,0.981073727,0,0,0.940838901,0
-1.097681666,-2.519242465,0,0,1.354652578,0
1.519169108,-5.185329068,0,0,-0.108649827,0
0.312404392,1.610755248,0,0,0.504883513,0
1.84441794,-2.009239753,0,0,1.854148787,0
-1.883420072,-0.002165993,0,0,0.43170314,0
3.470376113,-0.570395613,0,0,-1.834851329,0
0.183769255,1.491507773,0,0,0.173399672,0
0.753666659,-3.244270235,0,0,1.179220445,0
2.130566231,-0.531535535,0,0,0.125109143,0
0.578500602,-0.441170258,0,0,0.73632929,0
-0.971904433,1.812006263,0,0,0.230173391,0
-0.458860621,2.666398379,0,0,1.891825702,0
0.289527518,3.047498982,0,0,-0.673235625,0
2.666569869,0.99684891,0,0,-0.301932225,0
1.105351262,1.361374547,0,0,-2.442580872,0
0.44141173,1.764302245,0,0,0.393736643,0
-3.010533547,1.325379771,0,0,-0.613833875,0
-1.780096252,0.455705154,0,0,0.909567169,0
0.166385469,-0.021631104,0,0,2.421468911,0
2.788528846,0.532633268,0,0,0.539089,0
1.634876166,-3.578874352,0,0,-0.238395263,0
1.593586948,1.556371103,0,0,1.331708069,0
-0.726973954,0.429230545,0,0,0.331742716,0
0.07642803,-2.004973845,0,0,-0.328128427,0
-2.561860174,0.554493687,0,0,-0.912725845,0
-1.934064546,-0.52394674,0,0,0.314044088,0
1.426522934,-2.060748632,0,0,-0.419619627,0
0.451062548,-6.215353519,0,0,-1.88180748,0
2.222199345,1.67271155,0,0,1.338310713,0
-0.876224358,0.830429838,0,0,-2.034001073,0
0.50249169,2.265729061,0,0,-0.617517704,0
1.318489742,0.352958163,0,0,-0.809726197,0
2.232543772,3.961729876,0,0,0.237454119,0
-1.072002243,-2.144584151,0,0,-0.24982356,0
-0.356183534,-3.762513085,0,0,0.17696936,0
-1.07967789,0.8320282,0,0,0.194186839,0
1.659085234,1.452264936,0,0,0.219373955,0
-0.447389248,-0.948572707,0,0,1.125052835,0
-4.270058816,0.732749417,0,0,0.571561465,0
-4.208310565,2.337147324,0,0,0.567239973,0
-0.507396433,-0.890296214,0,0,-0.003809984,0
2.983273424,3.786282009,0,0,0.23744661,0
3.481786553,-0.149471637,0,0,0.211530722,0
4.487580308,-3.654705682,0,0,0.654932663,0
-0.022895063,-1.68833443,0,0,-2.765878055,0
-1.235869404,-2.111392738,0,0,1.291128429,0
0.546703881,0.298400313,0,0,0.500144171,0
-0.722923895,0.763593622,0,0,0.730761507,0
0.805172961,1.896716759,0,0,1.16662397,0
2.252889333,1.93620743,0,0,1.996425177,0
0.960326789,-1.597430157,0,0,-1.467145995,0
1.456875642,-1.082180093,0,0,-0.499814951,0
0.774633952,-0.263836068,0,0,0.305374934,0
-0.838415524,-0.310769656,0,0,-0.94160314,0
-3.220132559,-2.019313495,0,0,0.330220455,0
-0.592629606,-2.531550657,0,0,1.772480964,0
-1.440149396,0.610088167,0,0,0.155108969,0
2.06405973,0.202670391,0,0,-1.524706101,0
-0.366641775,0.664979383,0,0,0.50627709,0
-0.622760948,0.809284929,0,0,-0.124628322,0
2.49388102,4.10247579,0,0,0.573218903,0
2.012549396,1.799709566,0,0,0.542710193,0
1.291659746,0.889660196,0,0,0.546945382,0
-0.662285639,-0.900698069,0,0,0.26969304,0
2.379420214,-0.512363083,0,0,-1.616072257,0
-2.676556227,-1.686307002,0,0,0.64683566,0
-1.769291754,-2.280988547,0,0,0.104579104,0
4.038550761,-1.995514572,0,0,0.014271241,0
-0.147995405,0.638681945,0,0,1.918941628,0
-2.018755218,-1.668282049,0,0,0.71442653,0
0.695295626,0.112527467,0,0,0.738048662,0
-0.535336793,0.461604556,0,0,0.188178022,0
-1.847160257,-0.149251906,0,0,-0.926503928,0
0.582745031,0.972760368,0,0,-1.186680357,0
0.437520811,-1.350139903,0,0,-1.090335716,0
-0.4379032,-2.846428341,0,0,-1.551490048,0
3.725370104,0.094854955,0,0,0.864881498,0
2.43208006,-2.259872574,0,0,1.550705139,0
-2.226424962,-0.577358017,0,0,0.868363259,0
-1.088971381,0.548049621,0,0,-0.970501453,0
0.963384465,-0.350604858,0,0,-1.758599917,0
1.661431882,1.935909142,0,0,-0.352671252,0
1.122280843,-0.529715518,0,0,0.053305028,0
-0.478940858,3.84568129,0,0,-0.2528431,0
-2.75969598,1.021910363,0,0,-0.842498173,0
0.762320463,-1.074459268,0,0,1.347678167,0
0.543657086,2.540052377,0,0,0.761224745,0
1.221410163,1.870083444,0,0,-0.145254265,0
1.174822671,-1.308457857,0,0,0.031479204,0
-0.217165604,0.317273454,0,0,-1.299737213,0
2.612926525,1.335890166,0,0,0.543944084,0
-1.857837802,-1.674415414,0,0,-0.485530203,0
1.144012276,-0.325737565,0,0,-0.061664051,0
-2.171212107,1.762390853,0,0,1.02467856,0
-0.656253277,4.364282964,0,0,0.828754218,0
0.608334606,-3.513614699,0,0,0.050597713,0
4.061689489,0.649948522,0,0,0.709596832,0
2.425975102,0.981203209,0,0,0.105668309,0
-0.223473359,-1.571113881,0,0,-0.191868341,0
-0.472353967,-0.647876003,0,0,-2.456532471,0
-5.459312924,-0.64238657,0,0,-0.275524178,0
-1.060917004,-2.099916374,0,0,-0.620447995,0
3.731574348,3.575122797,0,0,-1.166580779,0
1.498043322,-0.439771495,0,0,0.057172459,0
-1.25631062,-0.564847979,0,0,-0.147113963,0
0.114242535,-0.837904645,0,0,-1.681353383,0
1.649027027,0.674750847,0,0,0.140998384,0
0.438714515,0.779126317,0,0,1.926133709,0
-3.640786094,-0.772290827,0,0,0.557388735,0
1.226968688,-0.283616408,0,0,0.125115625,0
-0.284683003,-1.208671883,0,0,-0.551202359,0
-1.744190759,-0.627190637,0,0,0.568300518,0
-0.232515135,-0.97334829,0,0,1.127171125,0
1.267386639,0.969308378,0,0,-0.823138881,0
2.750517522,-2.310049931,0,0,0.583278387,0
3.799217343,-0.474612287,0,0,-0.478175289,0
3.970681276,-2.034285299,0,0,-0.116065577,0
-0.176950399,3.547174187,0,0,-0.393933968,0
1.394027641,-0.438239979,0,0,0.170439144,0
-1.468912692,1.655833201,0,0,0.799249462,0
3.919933054,1.613087699,0,0,2.626423284,0
-0.045003328,-1.651071257,0,0,0.788066983,0
-2.587229171,3.668243548,0,0,-1.149490182,0
2.741178748,2.873897403,0,0,0.469671074,0
-2.000155938,-0.088559188,0,0,-0.57466783,0
1.194746192,0.447977594,0,0,-0.418870359,0
1.403296557,0.088210172,0,0,-1.665625809,0
-0.782838246,4.145348934,0,0,-0.037495519,0
1.352292931,0.459812706,0,0,1.588301063,0
-0.554788008,-1.899298785,0,0,0.729817035,0
1.993123905,0.375725782,0,0,-0.017711262,0
0.15010535,-0.498787369,0,0,-0.138627497,0
1.605611164,-2.461470943,0,0,-0.319648871,0
-3.863553881,0.489432475,0,0,-0.526242485,0
1.469927892,-0.193725846,0,0,-0.094660089,0
1.693068558,0.311138231,0,0,-2.186029969,0
1.956145877,0.673409826,0,0,0.162143401,0
3.702215016,0.40239458,0,0,-0.114637939,0
-2.346297806,-0.864888396,0,0,-0.623421118,0
2.383073016,2.009096118,0,0,-0.021859378,0
-0.464249591,-0.84418253,0,0,0.693207108,0
4.57319697,0.10018621,0,0,-1.408938773,0
0.563376916,-0.321628598,0,0,0.013941465,0
0.128245919,2.000550692,0,0,-1.138933164,0
-1.039787589,0.444248552,0,0,-0.286272447,0
-0.581851831,1.581507169,0,0,0.769034595,0
0.005738969,3.768016492,0,0,-0.633851215,0
0.581456464,1.411571626,0,0,0.120204928,0
-2.392507867,0.953944864,0,0,-0.270030074,0
-0.868519201,-1.005949783,0,0,0.431861856,0
1.618437232,-1.154254782,0,0,-0.291420888,0
-4.27936225,-2.503638185,0,0,0.443575335,0
-0.85175733,-1.808335421,0,0,0.132756136,0
-2.527832968,0.308577076,0,0,-1.270005063,0
-2.965884453,-3.967540102,0,0,-3.342075879,0
-2.963848429,1.723912558,0,0,-0.588528849,0
4.665487917,0.181132527,0,0,-0.238065922,0
-2.219288055,-0.590271407,0,0,-0.670236667,0
0.437086902,0.879973151,0,0,-0.22984041,0
2.776214572,3.503766848,0,0,-0.110499896,0
0.704468372,-0.29989992,0,0,0.324993278,0
-0.152508521,-1.631287204,0,0,-0.298792405,0
-2.028819591,0.914956661,0,0,-2.642397488,0
-0.491238447,2.81924997,0,0,-1.012034873,0
-0.83333291,2.025234363,0,0,1.074553046,0
-2.669116769,0.548537826,0,0,3.227881027,0
1.545425372,0.207282009,0,0,2.009988242,0
2.919240362,0.983608826,0,0,-0.841659435,0
-0.466882924,-2.409508837,0,0,-1.81563156,0
1.807248045,1.254327645,0,0,-0.428397301,0
-2.170008911,0.402947647,0,0,-0.278987388,0
-0.170624699,2.7010765,0,0,-0.064092142,0
-0.468379679,2.090035332,0,0,0.867770227,0
4.001296101,1.303944394,0,0,-0.646403558,0
-0.338469499,0.52100974,0,0,0.762474905,0
0.39677513,2.384540758,0,0,0.355498875,0
3.501673303,0.592224959,0,0,-0.346900248,0
-1.508548424,0.117228129,0,0,-0.961364044,0
3.70619176,-3.244935715,0,0,-1.033912438,0
5.854901003,2.273582829,0,0,-0.115612224,0
-1.648720804,1.360627555,0,0,0.570266963,0
-0.081175456,4.609852621,0,0,0.020168236,0
1.2889525,1.701206605,0,0,-1.386783261,0
-1.011442036,1.063657549,0,0,-1.009351236,0
2.982826615,-2.684360448,0,0,-1.170446986,0
0.71750349,0.426730985,0,0,0.484555171,0
0.332280913,-1.459980105,0,0,0.702393045,0
1.807784474,-0.060801559,0,0,-0.625798362,0
0.937487572,-2.788662985,0,0,-0.28992779,0
0.881631065,1.187123856,0,0,-0.327029306,0
-0.970133665,-0.242042007,0,0,-0.049142904,0
0.174718532,-1.614013243,0,0,0.166837645,0
5.787615338,-2.592178559,0,0,0.407808243,0
-5.372999467,-2.766247525,0,0,1.018115245,0
0.329089159,-0.080329927,0,0,-1.196443274,0
0.807411715,1.756945261,0,0,-2.766184427,0
-0.805544782,1.545182044,0,0,-1.084187816,0
2.97943162,-0.236943495,0,0,0.323789789,0
-0.077019018,-1.415043455,0,0,1.494400545,0
-3.362191206,-1.722402265,0,0,0.350512312,0
-1.721145347,1.767639304,0,0,-2.087888544,0
-1.71105527,0.634589297,0,0,-0.304336375,0
3.749372675,-0.417492124,0,0,-1.417592327,0
-1.683661512,-1.096424329,0,0,-2.849953229,0
-4.568441733,-3.109576158,0,0,-0.089659572,0
1.390771236,1.630728613,0,0,-0.909992445,0
-0.582543172,-1.836128628,0,0,-0.963363526,0
0.781544049,0.738779931,0,0,0.272524512,0
1.806468485,2.570953227,0,0,0.48751886,0
3.124533189,1.404492731,0,0,0.500814239,0
-3.650444269,-0.049424449,0,0,-1.175218376,0
0.081330543,-1.557149384,0,0,0.882715488,0
-3.223312877,2.075366156,0,0,0.119001104,0
-1.997139677,0.179878171,0,0,-0.286192052,0
0.156631778,0.717987138,0,0,0.036673495,0
2.328347836,5.118380533,0,0,-0.782153978,0
-1.984133256,1.285477909,0,0,-0.416615924,0
-3.60129909,-2.832488131,0,0,-0.285549047,0
-1.512871092,0.227934352,0,0,-0.073604134,0
-0.031707222,0.412502805,0,0,-0.455577626,0
-1.130351734,-2.759512533,0,0,-0.476114877,0
-1.004591196,2.253079531,0,0,-0.96367693,0
1.453114789,-2.332800708,0,0,0.611936011,0
-1.044414437,0.183513047,0,0,-0.372793125,0
-0.476827654,-1.25650675,0,0,-0.231516072,0
2.42562794,-2.390463612,0,0,0.70901141,0
-1.570461224,-2.643732646,0,0,0.603042434,0
-1.952728672,-3.394147938,0,0,0.136043423,0
0.549049921,-1.08034918,0,0,1.29289858,0
0.74916933,0.04395236,0,0,1.48372212,0
-1.747394998,0.150353164,0,0,1.461300731,0
-0.972874047,0.419022419,0,0,-0.535702535,0
1.566890025,0.282188917,0,0,-0.92710361,0
-0.078131682,1.669221914,0,0,2.45696302,0
-1.575909948,-2.748571986,0,0,-0.367782475,0
-0.281953088,-1.928115344,0,0,0.435628211,0
-1.267263512,2.191822787,0,0,-1.885616113,0
-1.83138474,-0.625690185,0,0,0.802001938,0
-2.408087836,0.015029107,0,0,-1.160578878,0
0.333868325,-0.33786369,0,0,1.266364884,0
1.647995274,1.360671459,0,0,1.766086195,0
-2.05792442,-0.920622104,0,0,0.241402968,0
-3.099713918,0.138977086,0,0,1.799904782,0
3.276679887,1.023290806,0,0,-0.620830696,0
0.33013595,1.062337075,0,0,-0.248989378,0
-0.282132032,3.889729681,0,0,-1.257488962,0
0.9746027,-0.222508628,0,0,0.186846059,0
-3.769998987,-1.535150104,0,0,-0.345359937,0
0.336920204,1.49910838,0,0,-1.07658852,0
-1.685674971,0.514789332,0,0,-1.858420898,0
-1.787811578,2.970333059,0,0,-0.405573503,0
-1.839550024,0.986890338,0,0,0.804014878,0
-2.267647132,0.516340156,0,0,1.192633978,0
-0.609423671,-1.646730392,0,0,0.881283107,0
-0.708298796,1.872527889,0,0,0.455342975,0
-2.196021761,-0.517435572,0,0,-0.450734668,0
-1.163873357,1.60879915,0,0,0.587707619,0
3.093264163,0.373753842,0,0,-1.105724075,0
-1.857230147,1.375163155,0,0,0.208426342,0
0.772457629,-1.343697618,0,0,-0.488062589,0
-0.670143672,-3.200064702,0,0,0.304375491,0
-0.125028438,0.90077839,0,0,0.446178075,0
-1.177526671,1.696753709,0,0,-0.155310875,0
0.780286822,-3.363166136,0,0,0.085524758,0
-0.047827893,-1.466452101,0,0,0.276880725,0
-2.810822465,-0.116827036,0,0,-0.113665485,0
-0.622686687,-1.575955473,0,0,1.243777977,0
1.300581418,0.130262968,0,0,-0.387490066,0
0.678218139,1.902946948,0,0,0.429965359,0
3.509833987,0.257258375,0,0,-0.709101892,0
1.460182684,2.840811626,0,0,2.073467194,0
0.623620899,0.560232598,0,0,1.957199637,0
0.52246007,-0.816578616,0,0,-0.162533147,0
0.418990525,1.780734313,0,0,-1.510480933,0
-0.171851337,-0.030012349,0,0,0.748385303,0
1.249294018,-1.670365306,0,0,-0.127135055,0
-1.107687493,-1.753559505,0,0,0.341289823,0
-2.207729207,-0.056453884,0,0,-0.069992218,0
-2.33280115,4.229990625,0,0,-0.073076917,0
0.093447344,-1.83576515,0,0,-0.634597579,0
1.391714707,-1.465746445,0,0,0.075564505,0
-1.771242584,0.83918029,0,0,0.036670795,0
2.322633317,-2.047572358,0,0,0.605315742,0
0.888033324,1.307837062,0,0,1.399459555,0
-0.249434591,1.423078888,0,0,-1.298243359,0
0.819735895,1.131200526,0,0,1.500265739,0
0.05996923,-1.280721422,0,0,-0.253916756,0
-0.668194818,0.579514836,0,0,-0.55842967,0
0.432747144,2.290892756,0,0,-1.12985993,0
-2.911102632,0.115175853,0,0,0.180178801,0
-1.203757213,-1.696721511,0,0,1.353578843,0
0.132179608,-2.225254282,0,0,-0.577300819,0
-0.318365971,1.965827193,0,0,-1.548424484,0
-0.616872935,3.397213218,0,0,0.160334755,0
0.43005374,-1.453946147,0,0,-0.336700852,0
-2.507077792,0.805942966,0,0,1.108805854,0
2.125957894,-1.73095689,0,0,1.042525806,0
2.421563841,-0.628638336,0,0,-0.984706216,0
-0.247771566,-1.760525761,0,0,-0.002355007,0
0.945258524,4.358525662,0,0,-0.655719171,0
0.782752244,2.09340465,0,0,-1.613851044,0
-2.511171187,0.042845631,0,0,1.984379205,0
0.495109468,0.240197921,0,0,-0.720841733,0
1.062935828,-1.662227678,0,0,0.729688984,0
-1.424931616,-0.417210357,0,0,1.050962345,0
-1.986446084,-1.587693904,0,0,-1.291183624,0
-1.971980315,0.518693587,0,0,-0.282135081,0
0.883543392,1.27038973,0,0,0.45256844,0
-0.134008892,-3.669023064,0,0,-1.788174433,0
-0.460220277,0.77523455,0,0,-0.441854144,0
5.419386427,3.327529848,0,0,1.140666219,0
-2.88638296,1.586715453,0,0,1.055969247,0
2.412397545,0.06187751,0,0,-0.762842781,0
-1.736894967,-0.020726144,0,0,0.319274049,0
-1.299860745,-1.042591974,0,0,0.459385873,0
0.017493514,-1.424145789,0,0,-2.372617425,0
1.348029757,0.886487437,0,0,0.363040024,0
-0.497679217,4.153122229,0,0,-0.301773545,0
-3.51885572,-2.158781407,0,0,0.865811807,0
1.694128,0.755749616,0,0,-1.55573172,0
1.105609578,3.663328632,0,0,-0.027463139,0
3.981900821,1.189902018,0,0,0.625644807,0
-2.087132055,-1.197916648,0,0,-0.58430575,0
-0.165792521,-2.329442737,0,0,-0.430506119,0
2.554112731,-2.505577981,0,0,-0.444853357,0
-1.596349055,-2.519162548,0,0,0.199054824,0
-0.325838146,-1.161570121,0,0,0.446138851,0
1.351783624,1.760724455,0,0,0.439685757,0
3.121174123,-3.953771024,0,0,-0.255284454,0
0.713864549,1.37371119,0,0,0.288589067,0
2.264110723,-2.719577287,0,0,0.400846582,0
-0.600235445,-1.688675597,0,0,-0.468793087,0
2.637504734,3.526796174,0,0,0.205996357,0
-0.817491145,2.419816189,0,0,-0.984184616,0
-0.252583448,-2.808525552,0,0,0.195245315,0
1.444494286,-0.086026961,0,0,-2.059626655,0
0.197629125,1.234405781,0,0,0.211349647,0
1.657652888,1.876202586,0,0,-0.715271905,0
-2.8631753,-1.973236902,0,0,-0.649701193,0
-2.045015119,0.077260127,0,0,0.252400457,0
1.601721371,2.369257552,0,0,-0.507480041,0
-1.699394081,0.66955745,0,0,-0.144952326,0
0.658540511,-0.193237277,0,0,0.056205831,0
0.996710462,0.127406731,0,0,-1.083154008,0
-0.530353002,-1.514391726,0,0,-0.523413656,0
3.267254713,-0.922766472,0,0,0.774600081,0
1.708006507,-0.387097055,0,0,-0.375442639,0
0.348916446,-2.299042666,0,0,0.562044511,0
2.368629031,1.480324767,0,0,-0.830920761,0
1.047712502,0.459038952,0,0,-0.210073554,0
0.237830249,-0.813851362,0,0,0.61738157,0
-4.075931262,-1.130791842,0,0,-1.554900053,0
0.273917923,-4.59468183,0,0,1.211721539,0
0.41724746,1.034226636,0,0,-0.148344228,0
1.736006409,-2.377224887,0,0,1.676695576,0
0.29182643,1.371037418,0,0,-1.973591701,0
2.297198095,-1.630602287,0,0,-1.461695951,0
-0.793868835,-1.994370105,0,0,0.512088518,0
2.12631057,-1.397748874,0,0,0.153574181,0
-3.731388708,0.48449449,0,0,1.894259964,0
-1.154794482,2.22336884,0,0,-1.185779392,0
3.123871338,3.205921606,0,0,-0.220363148,0
-1.249713269,-1.727931111,0,0,0.483316622,0
-1.257268217,-1.847835112,0,0,2.249931115,0
-1.088159417,0.560452616,0,0,-0.674372909,0
-3.666970932,2.53958866,0,0,-1.27544424,0
-0.186800244,-0.580628545,0,0,1.944589027,0
-1.722393735,0.903187794,0,0,1.624192887,0
4.344084074,0.078648144,0,0,1.959273601,0
-0.367663826,0.476740657,0,0,-1.559793602,0
0.202205968,0.707924366,0,0,0.099229908,0
-0.623186659,-4.178426087,0,0,-4.327413327,0
5.066814156,-0.285983573,0,0,-0.385771736,0
0.483539046,-2.144681721,0,0,0.194929181,0
1.309737682,2.89795858,0,0,1.333830957,0
2.100214038,0.648803382,0,0,0.353700972,0
2.880086425,0.356122801,0,0,-0.320795036,0
-0.70492256,0.906300827,0,0,0.256723902,0
1.527633339,0.258422246,0,0,0.680673828,0
-0.280012101,1.329534651,0,0,-1.63204696,0
-0.256663602,2.847815956,0,0,-0.007643336,0
-0.125251107,-4.056100768,0,0,-1.755749325,0
0.254774913,0.224502272,0,0,0.563107147,0
0.039616496,0.373818313,0,0,-1.159266715,0
0.62092226,0.863400469,0,0,-0.106690007,0
-0.30210084,-0.988068264,0,0,-1.012458843,0
1.501718522,1.213634013,0,0,1.561709609,0
-1.413680259,-3.286604528,0,0,0.926096127,0
0.333632836,0.64097146,0,0,-0.352571238,0
0.616087065,0.780222634,0,0,-1.498547415,0
0.295996656,-0.640035936,0,0,-0.73810921,0
-1.59470622,1.651057915,0,0,-0.505409418,0
-2.007855352,2.193432623,0,0,0.311697396,0
2.541609328,-3.133017111,0,0,0.032645034,0
0.813840147,2.556031624,0,0,0.486224556,0
-1.378491665,-1.46670288,0,0,-0.396518977,0
-2.72320858,3.680668073,0,0,-0.398418066,0
-2.277357062,-1.274804664,0,0,0.366938448,0
-3.227481626,-0.908886892,0,0,0.185716008,0
-2.298175825,-1.876500502,0,0,0.088197952,0
-1.316966237,-0.147477369,0,0,-0.577292369,0
2.38288214,1.123046328,0,0,1.445121338,0
1.115200853,2.084877318,0,0,1.116704153,0
1.106071599,-1.240395308,0,0,-0.520279095,0
-0.187088921,-0.399022509,0,0,1.00597565,0
1.882301048,0.213084434,0,0,1.167627278,0
2.013272736,2.403990001,0,0,-1.853135005,0
3.789292677,0.133460475,0,0,1.208352834,0
-1.340756594,-0.768695116,0,0,-1.552329701,0
1.031778936,-2.456155781,0,0,1.128543144,0
-0.367477908,-4.126329344,0,0,0.207414293,0
-1.328023065,-0.83053763,0,0,0.71254871,0
-0.003195658,-0.260615626,0,0,0.644556957,0
-1.366556248,-1.764388788,0,0,-0.853862267,0
-4.148260537,0.478652398,0,0,-0.772257985,0
-1.545730883,0.99026496,0,0,1.327109883,0
1.764086544,-1.347319577,0,0,1.935862901,0
1.352143843,-1.843090677,0,0,0.32878467,0
0.283577685,1.627829227,0,0,0.541760896,0
-0.013113375,1.736201137,0,0,1.082603628,0
0.762590181,1.070074114,0,0,-0.572554295,0
0.320344905,-2.367769507,0,0,-1.143058084,0
-0.948472657,0.058301756,0,0,0.526592357,0
-2.433162145,-2.210367742,0,0,0.864522616,0
-2.096594155,-2.170498401,0,0,-1.127954349,0
-0.942405151,1.814988528,0,0,-0.335752748,0
3.916979708,-2.759915756,0,0,-1.738155689,0
-1.88672079,-1.223853579,0,0,0.963624771,0
-0.624152391,-1.871915175,0,0,-1.283379989,0
-2.866823222,1.279327825,0,0,-1.0762334,0
3.181700613,0.725996864,0,0,0.16340628,0
1.540203666,-0.324194395,0,0,-0.19827821,0
-2.236528497,0.978689631,0,0,0.772032736,0
2.277692184,3.362047241,0,0,1.131105416,0
3.465399369,-1.562969493,0,0,-0.66774919,0
-0.424329027,-2.679222195,0,0,-2.089559094,0
-1.577098431,-1.991791328,0,0,-0.884413022,0
-1.757559693,-0.237661156,0,0,-0.423071656,0
-5.866049989,2.580315293,0,0,1.278815651,0
-1.97971512,1.691550145,0,0,0.864036038,0
-2.746623155,0.249796352,0,0,0.267559693,0
0.988468228,1.445110243,0,0,-0.055136837,0
2.967923844,0.518861887,0,0,0.578226746,0
3.839279914,0.842343952,0,0,-1.041145704,0
2.232732974,-0.01278069,0,0,0.764382024,0
1.388132341,0.435063274,0,0,0.195769458,0
1.846486188,-0.099309274,0,0,-0.494198767,0
0.1791986,-0.240553559,0,0,-2.379237368,0
1.536780261,-0.350245388,0,0,-0.251597452,0
1.419063329,3.692214168,0,0,0.354917575,0
0.805046725,0.757136042,0,0,0.23871781,0
-2.749756961,-0.015041103,0,0,1.354612772,0
0.448281883,1.470973798,0,0,-0.155893736,0
1.39642077,2.025277305,0,0,-0.541639583,0
1.860235826,-2.778397242,0,0,0.221348559,0
3.313373726,0.38810282,0,0,0.806667539,0
1.410056681,3.288660299,0,0,-1.255706054,0
-0.355704344,-0.300295978,0,0,0.343996077,0
-3.560282529,3.157751453,0,0,-0.146744274,0
2.274582742,1.306642248,0,0,-0.561434926,0
1.788783493,1.660227567,0,0,0.111839094,0
-0.937313832,1.54197833,0,0,0.294558424,0
1.233963917,-0.633526969,0,0,0.307354562,0
-0.816027202,1.090130346,0,0,-1.800471665,0
1.096102868,2.141240367,0,0,0.554786654,0
-0.45474361,0.696881476,0,0,0.307581097,0
3.277866357,-2.326974786,0,0,-1.119154166,0
0.891412786,-1.97534966,0,0,-0.253896782,0
0.49880887,-1.780861388,0,0,2.581781887,0
-0.867487113,2.277133756,0,0,-0.647302055,0
-3.590819254,6.754596211,0,0,0.797730558,0
-0.350204482,-1.692402901,0,0,-0.633176199,0
1.08833499,2.918264598,0,0,-0.822461955,0
0.413189571,1.675977072,0,0,2.326807288,0
-0.670165871,-0.614372263,0,0,-0.936058539,0
-1.633202404,-2.185861436,0,0,0.99086224,0
-3.176916112,-0.675387569,0,0,1.147860594,0
-2.191878027,3.587390574,0,0,-0.415314803,0
2.098733098,-1.400507504,0,0,-0.299585677,0
-2.153341938,0.737774247,0,0,0.248332745,0
0.147331609,-2.487450334,0,0,-0.161250065,0
-2.3058645,1.409309519,0,0,-2.123992012,0
-1.457162981,-1.975915467,0,0,-0.093085162,0
-0.927691963,3.024392159,0,0,-0.217084339,0
-1.581545364,-1.459226753,0,0,-1.12806569,0
-1.065716231,0.878422459,0,0,1.999798245,0
-0.352366532,-0.09916125,0,0,0.50282318,0
-0.011418387,-2.046749279,0,0,-0.809813529,0
1.122070755,-2.176793255,0,0,1.206981463,0
-1.136451575,-0.739728485,0,0,1.539238176,0
-1.94420011,-1.315335303,0,0,1.782049731,0
1.324553673,0.717759172,0,0,-0.502811358,0
-1.05769615,3.275631954,0,0,-1.078261925,0
0.527305432,-1.515531815,0,0,1.572519258,0
-0.266916411,-1.56541948,0,0,0.114466647,0
0.750100842,-2.956777341,0,0,1.000700783,0
-2.899846567,-4.715988893,0,0,1.451092998,0
-3.057066626,2.206616578,0,0,-0.445863791,0
-0.72819789,-1.646800236,0,0,-2.098129971,0
-0.039401662,-1.518502902,0,0,0.208124592,0
-1.2980578,-1.059399412,0,0,0.24940722,0
1.04526497,-4.211296602,0,0,-0.037809595,0
-1.268213925,-1.247516784,0,0,0.490131406,0
-3.072681377,-1.380627965,0,0,0.828192433,0
0.769167672,2.045059657,0,0,-0.69276444,0
0.431406254,0.393557167,0,0,-0.655384868,0
0.31235922,-0.421646667,0,0,-1.576335543,0
1.049028318,-0.01167105,0,0,-0.638168026,0
-0.777298979,-3.807835532,0,0,-0.915021728,0
0.497321728,-3.369479832,0,0,-1.837244205,0
-1.886478963,-0.315271964,0,0,0.500523312,0
0.329837566,-1.067555246,0,0,-1.255583728,0
-2.755114051,-1.760959034,0,0,0.148732946,0
0.854051975,-1.011233031,0,0,1.098172165,0
-1.351364447,-3.381352756,0,0,-1.362700722,0
4.690461182,0.63104573,0,0,-0.737076378,0
-0.220469187,5.388672776,0,0,-0.443966167,0
1.338894225,1.060214544,0,0,-0.725762754,0
-3.13396764,-0.356357505,0,0,-0.01597622,0
-1.058181297,1.127410646,0,0,1.36250998,0
1.39899736,-1.016262567,0,0,0.701429115,0
-0.982882653,-1.859799674,0,0,0.112976878,0
-3.01877541,-1.718139118,0,0,-1.416728867,0
-1.083368634,1.694688861,0,0,2.622805581,0
-2.197041392,-2.039135757,0,0,1.375960832,0
2.825350222,-4.1383333,0,0,-1.352779441,0
0.524535231,-0.180282673,0,0,0.838241882,0
0.423021538,0.50103689,0,0,-0.602192851,0
-0.916620802,2.073000846,0,0,1.225922236,0
1.911329091,2.578871753,0,0,0.226480853,0
0.266719175,-2.39402181,0,0,0.404570018,0
-0.461550515,-0.865923817,0,0,-0.116377976,0
-0.405989004,-2.570963151,0,0,1.557902312,0
-0.971462357,-2.129335573,0,0,0.37787844,0
-0.558060644,0.647990154,0,0,1.119046923,0
-2.393081923,-1.92705517,0,0,-0.589088808,0
1.072566294,-0.555289154,0,0,0.700767503,0
-0.112045048,0.414259921,0,0,1.085165951,0
0.777841326,0.108286987,0,0,-0.474264637,0
-0.625751831,-0.346425602,0,0,-0.096973988,0
0.048136565,-1.238032948,0,0,0.002245227,0
-0.406059607,-2.60088207,0,0,-0.817310681,0
-2.508839619,-0.906312117,0,0,2.216966116,0
0.200449684,1.395933609,0,0,0.048149585,0
-1.477140881,1.095255568,0,0,-0.25454814,0
1.681917861,0.247483692,0,0,-0.498040454,0
-2.418897615,-2.05609296,0,0,-0.061809524,0
-2.213067516,-1.309522215,0,0,-0.827920657,0
-1.185181156,3.244382697,0,0,-2.535357641,0
0.306444625,-0.747822103,0,0,1.151820642,0
0.59761567,0.846963848,0,0,-1.983662568,0
-3.244695452,-1.672393956,0,0,-0.002834661,0
2.460210565,0.21418448,0,0,-1.056233829,0
-1.615521078,1.652471599,0,0,0.095401133,0
-0.495196618,-0.984082544,0,0,-0.545085258,0
-2.515047473,2.794477888,0,0,-0.471129972,0
-1.754700349,1.118425776,0,0,1.115759511,0
1.204454119,0.055921758,0,0,0.04292688,0
-1.890264209,0.001656277,0,0,1.28133971,0
-3.516482808,0.903762507,0,0,0.117446651,0
3.477301604,-0.205023391,0,0,0.829307341,0
-0.096175526,-1.28025613,0,0,-0.211532788,0
0.57772932,2.015121887,0,0,-0.928620563,0
4.038861776,-0.194961748,0,0,0.84159696,0
-2.155287099,2.009993798,0,0,-1.213137206,0
-2.947233963,2.049220204,0,0,1.354876849,0
-3.633521907,0.006754244,0,0,1.343598656,0
-1.831919728,1.79119326,0,0,0.555487554,0
1.683877902,2.484460336,0,0,-0.403723489,0
0.092337294,0.84283512,0,0,-1.092900711,0
-1.661293124,-3.373214747,0,0,-0.224126575,0
0.931464866,0.65411685,0,0,0.392439721,0
-0.480260632,-1.334344282,0,0,0.831183964,0
3.619931984,0.874501458,0,0,-1.471726817,0
-1.360515154,-2.888730878,0,0,-0.195021765,0
-0.163592389,2.491763951,0,0,0.662606972,0
2.017311497,-0.119144468,0,0,0.048318436,0
-0.334115483,-0.937681759,0,0,-0.644657364,0
-0.325165598,-2.932472376,0,0,1.548732533,0
-1.145834884,0.3760503,0,0,1.66785225,0
0.160596905,1.434601449,0,0,0.450565732,0
2.232831408,-1.313133194,0,0,0.866089353,0
-0.602764827,-0.466517653,0,0,-1.050026457,0
0.835397875,-1.233948174,0,0,0.902669735,0
-4.06187615,0.15930804,0,0,-0.60911795,0
-1.502930511,1.48293013,0,0,-0.120398102,0
-0.582937482,-1.480209083,0,0,0.513294799,0
0.627600492,-0.441751408,0,0,-0.131252587,0
0.885685301,3.860058939,0,0,-1.204070196,0
-0.675283474,2.231940431,0,0,-0.574311838,0
-1.5246057,0.904135745,0,0,-0.738921008,0
0.707664885,0.351581319,0,0,-0.153054704,0
0.98207843,-1.813152151,0,0,1.336510778,0
2.752628606,-1.346114083,0,0,-0.296200361,0
0.069587356,-3.019266076,0,0,1.595190854,0
1.154045357,1.300920987,0,0,-0.556593292,0
-0.756643034,1.044816601,0,0,0.169978924,0
1.021372632,1.059766359,0,0,0.523912531,0
-1.116195315,0.595353642,0,0,0.741913911,0
2.019349265,0.262626429,0,0,-0.353724116,0
0.76599452,0.3783277,0,0,-1.591866319,0
1.491987737,2.862273022,0,0,-1.283671592,0
-2.240018327,-0.313762529,0,0,0.449139047,0
0.635990001,-1.400134177,0,0,-0.824728939,0
0.385299701,0.364289811,0,0,-1.919183005,0
-1.773777286,0.599220599,0,0,-1.291283381,0
-2.611762197,0.194632029,0,0,0.790241488,0
1.992180224,-1.012095095,0,0,-0.293509243,0
-0.462135972,0.206844894,0,0,-0.25769681,0
-0.503744406,0.691697521,0,0,-0.451303319,0
-0.044258299,-2.453747953,0,0,0.17532576,0
-1.46691821,-1.481780382,0,0,0.678598274,0
-0.34957713,-0.97481752,0,0,0.181643453,0
-1.255046164,1.911263184,0,0,-0.103262566,0
-2.55967196,2.282311836,0,0,0.742617773,0
3.055514684,-0.848639736,0,0,-0.739712869,0
1.900461073,-1.400302163,0,0,0.897375469,0
1.128517347,-2.141538151,0,0,0.501055657,0
-2.006370517,-3.207337879,0,0,-2.301829293,0
3.582073697,-2.502056392,0,0,-0.241464669,0
2.019509386,-0.860153268,0,0,-1.042572112,0
-1.091403511,-3.178812697,0,0,1.82897087,0
-1.152592814,2.44685548,0,0,-0.637916305,0
-2.373939156,-5.306684281,0,0,-1.654550688,0
0.132683594,-3.013400956,0,0,1.277845305,0
0.92689624,0.223014424,0,0,-0.517650644,0
-1.057649679,4.135313567,0,0,1.337466853,0
-1.608118052,0.975624255,0,0,0.074386405,0
-3.171263055,-0.693659844,0,0,-0.795675754,0
0.922701841,-1.116970479,0,0,0.614682843,0
-1.173084468,-2.895875685,0,0,0.069951437,0
-1.576070853,-0.835282653,0,0,-0.499014807,0
1.102563955,-1.849895607,0,0,-0.685682995,0
1.172397118,0.004383798,0,0,-0.273181103,0
-1.719651985,-3.066157644,0,0,0.386501281,0
-3.35874398,-1.32869316,0,0,0.666455383,0
-0.978502917,0.194320715,0,0,0.501411324,0
-0.43612264,0.619839819,0,0,-1.437506289,0
-1.770380754,0.040521959,0,0,-0.557753104,0
1.338811196,0.688894465,0,0,0.283972654,0
-0.961117325,-2.783741522,0,0,-1.181277447,0
1.430750292,-2.668545501,0,0,-0.989938545,0
-2.930065808,-1.046906835,0,0,0.936099186,0
-1.191676762,0.74032975,0,0,2.139719579,0
1.636423062,2.737940819,0,0,-1.053432788,0
1.650385911,1.433913252,0,0,-0.156443075,0
3.642056379,1.026430805,0,0,1.519899338,0
-0.666898746,0.584419668,0,0,-0.11183453,0
2.612199835,2.909962116,0,0,0.2665246,0
2.404352584,1.361766255,0,0,2.347724209,0
1.742781065,1.076531945,0,0,-0.170025373,0
0.793746704,-4.565275024,0,0,2.918875863,0
-0.308611485,-1.000725755,0,0,-0.640515948,0
0.96372949,5.062716812,0,0,-0.367919898,0
1.144697179,3.003356834,0,0,-0.901995376,0
0.918176869,-0.386691513,0,0,-0.314861934,0
0.441839541,0.844000723,0,0,-0.546133342,0
-0.419527132,-0.112033084,0,0,-1.088808683,0
0.644134225,-0.384841526,0,0,-0.288745584,0
0.012864821,0.194074045,0,0,0.243666279,0
3.596839961,4.330074691,0,0,-0.166386622,0
-1.287093052,-1.303014745,0,0,1.864544218,0
-2.553443259,-0.203548319,0,0,-0.026345166,0
-1.229963844,-2.015273354,0,0,1.50122332,0
0.764541114,2.509101791,0,0,-1.389931119,0
-2.43218532,0.20610651,0,0,-1.228151568,0
-6.056676032,2.877920387,0,0,0.192454965,0
3.261080357,5.833032165,0,0,-1.263368111,0
0.318441261,-0.563451388,0,0,0.818420193,0
-1.251733965,-2.597545843,0,0,0.265969008,0
-2.471193293,0.07700355,0,0,-1.971982642,0
-1.942669359,3.206116201,0,0,-0.316820134,0
-1.302114034,-0.881198244,0,0,1.207434243,0
3.570438477,-0.335889251,0,0,-0.166570469,0
3.119984526,2.154249311,0,0,0.884679587,0
2.309351868,-1.613076897,0,0,0.149725295,0
-2.98827661,2.734610337,0,0,0.756710804,0
-0.53308061,2.286406738,0,0,-0.09330299,0
-0.617222912,1.391178238,0,0,-1.130779996,0
2.701786341,0.147152278,0,0,0.891323678,0
2.739747221,-2.265096885,0,0,-0.175756696,0
5.498517807,-1.235005608,0,0,-0.150564519,0
-2.393130328,-0.946007957,0,0,0.411807327,0
4.053743269,2.394195158,0,0,-1.358363417,0
-0.109897043,2.731430309,0,0,0.113576967,0
-2.106590134,-0.827175128,0,0,-0.498198185,0
1.001051899,-0.697754784,0,0,-1.407326064,0
1.602295875,-1.369934753,0,0,-1.689432083,0
-0.654075101,2.266359173,0,0,-0.487632985,0
-0.196776752,1.185451323,0,0,0.830961012,0
2.056851023,1.726538025,0,0,-1.15463233,0
-1.802571545,-0.004448647,0,0,0.086773217,0
-0.666344238,-1.037973182,0,0,-1.013876883,0
-0.946999569,1.283459617,0,0,-0.343493363,0
0.20490414,1.892594687,0,0,0.999576709,0
2.43330098,1.80930963,0,0,0.679758591,0
2.110450462,1.260090322,0,0,0.188021545,0
-1.945158073,2.945235466,0,0,-0.404309019,0
0.692582156,-2.935643835,0,0,0.268934373,0
-2.399840625,1.360891618,0,0,1.889766757,0
0.661548221,1.993535221,0,0,-0.832670165,0
0.958765092,-1.150272555,0,0,-0.82367342,0
0.182097924,-2.676038249,0,0,-1.453520316,0
2.294168685,-0.790720544,0,0,0.152227804,0
-1.18490195,1.415171071,0,0,-0.545985127,0
-3.895843423,2.374351046,0,0,0.508089153,0
-2.194196616,1.691967498,0,0,-0.559646339,0
-2.583850091,1.540591109,0,0,0.82397448,0
1.035361797,-2.073980352,0,0,2.043704729,0
3.77813009,0.671657454,0,0,-1.954577132,0
2.09653523,2.879638995,0,0,-0.074421614,0
-1.015974234,0.337457587,0,0,-1.562332425,0
-0.626146192,-0.949567352,0,0,-0.866450976,0
-0.036352904,1.970934549,0,0,0.666725436,0
2.334101372,0.246417407,0,0,-1.201456027,0
1.560203713,1.027412363,0,0,-0.151486909,0
-0.266222765,-0.108098618,0,0,0.87541482,0
0.772012233,-2.890489909,0,0,-0.572742574,0
1.009933027,-0.433917305,0,0,0.523052083,0
-0.093337471,3.826391702,0,0,0.485990224,0
-0.802701797,2.899267519,0,0,1.675192789,0
-0.8488149,1.111585499,0,0,0.864928643,0
-0.744801373,0.143452143,0,0,1.30338352,0
1.86592817,-1.748457423,0,0,0.587008353,0
0.56872322,0.576713948,0,0,-0.190064861,0
1.623785807,-0.196479604,0,0,-0.806009115,0
1.125252917,0.092984667,0,0,-1.168005384,0
-0.974644617,-2.423261106,0,0,-0.501676936,0
1.626903356,0.857258475,0,0,-0.505134225,0
1.231815701,-4.791291457,0,0,0.526636162,0
1.794938548,2.587437922,0,0,0.132729074,0
-0.476355433,5.27853259,0,0,0.307252661,0
0.966076193,1.783166437,0,0,-0.064335744,0
-2.932188405,-3.052025822,0,0,-0.089816731,0
