30.000,-71.953,7.676,85.449,-2.437,76.667,-7.135,-35.000,-72.129,-0.742,85.508,0.234,76.623,9.239
30.000,-72.012,7.773,85.332,-2.656,76.823,-6.997,-35.000,-72.051,-0.645,85.605,0.008,76.478,9.385
30.000,-72.061,7.881,85.234,-2.879,76.950,-6.850,-35.000,-71.992,-0.537,85.723,-0.222,76.334,9.542
30.000,-72.139,7.979,85.156,-3.094,77.088,-6.713,-35.000,-71.924,-0.439,85.811,-0.449,76.211,9.690
30.000,-72.197,8.096,85.039,-3.318,77.247,-6.559,-35.000,-71.846,-0.322,85.889,-0.683,76.089,9.859
30.000,-72.256,8.193,84.941,-3.535,77.386,-6.425,-35.000,-71.768,-0.225,85.967,-0.911,75.967,10.009
29.961,-72.314,8.350,84.844,-3.770,77.529,-6.271,-35.000,-71.689,-0.127,86.064,-1.139,75.827,10.160
29.961,-72.373,8.467,84.746,-3.993,77.672,-6.120,-35.000,-71.611,-0.029,86.143,-1.368,75.707,10.313
29.961,-72.451,8.564,84.668,-4.206,77.813,-5.989,-35.000,-71.533,0.068,86.240,-1.597,75.569,10.467
29.961,-72.510,8.682,84.570,-4.428,77.957,-5.840,-35.000,-71.475,0.166,86.338,-1.826,75.451,10.621
29.961,-72.568,8.799,84.473,-4.649,78.102,-5.692,-35.000,-71.396,0.264,86.436,-2.056,75.315,10.778
29.961,-72.627,8.896,84.355,-4.864,78.266,-5.567,-35.000,-71.318,0.361,86.514,-2.286,75.199,10.934
29.961,-72.676,9.014,84.248,-5.086,78.413,-5.421,-35.000,-71.240,0.459,86.611,-2.517,75.064,11.093
29.951,-72.729,9.131,84.146,-5.307,78.560,-5.287,-35.000,-71.162,0.557,86.689,-2.748,74.950,11.252
29.951,-72.788,9.248,84.048,-5.527,78.708,-5.144,-35.000,-71.084,0.654,86.787,-2.980,74.817,11.413
29.951,-72.847,9.355,83.940,-5.743,78.866,-5.013,-35.000,-71.006,0.752,86.865,-3.211,74.705,11.575
29.951,-72.896,9.473,83.843,-5.964,79.006,-4.871,-35.000,-70.908,0.850,86.943,-3.444,74.575,11.738
29.912,-72.954,9.629,83.745,-6.195,79.159,-4.731,-35.000,-70.840,0.947,87.041,-3.677,74.455,11.902
29.912,-73.003,9.746,83.628,-6.415,79.321,-4.594,-35.000,-70.752,1.045,87.119,-3.910,74.336,12.068
29.912,-73.052,9.863,83.530,-6.634,79.463,-4.456,-35.000,-70.674,1.123,87.197,-4.137,74.226,12.213
29.912,-73.110,9.980,83.433,-6.852,79.617,-4.321,-35.000,-70.576,1.221,87.275,-4.372,74.099,12.381
29.912,-73.159,10.098,83.315,-7.071,79.781,-4.187,-35.000,-70.498,1.318,87.354,-4.606,73.993,12.549
29.912,-73.208,10.215,83.208,-7.290,79.936,-4.054,-35.000,-70.420,1.416,87.451,-4.841,73.868,12.720
29.912,-73.257,10.332,83.101,-7.508,80.092,-3.922,-35.000,-70.332,1.494,87.529,-5.070,73.752,12.870
29.912,-73.306,10.449,83.003,-7.726,80.238,-3.790,-35.000,-70.244,1.592,87.607,-5.306,73.639,13.042
29.912,-73.354,10.566,82.896,-7.944,80.396,-3.661,-35.000,-70.156,1.689,87.686,-5.542,73.527,13.215
29.912,-73.398,10.684,82.778,-8.162,80.559,-3.534,-35.000,-70.059,1.768,87.744,-5.772,73.424,13.368
29.912,-73.447,10.801,82.671,-8.379,80.718,-3.407,-35.000,-69.980,1.865,87.842,-6.009,73.304,13.544
29.912,-73.516,10.918,82.603,-8.593,80.858,-3.278,-35.000,-69.883,1.943,87.900,-6.240,73.203,13.699
29.912,-73.535,11.035,82.466,-8.815,81.019,-3.154,-35.000,-69.805,2.041,87.998,-6.478,73.085,13.878
29.912,-73.584,11.172,82.349,-9.036,81.193,-3.013,-35.000,-69.707,2.119,88.076,-6.710,72.966,14.037
29.912,-73.623,11.289,82.231,-9.254,81.355,-2.891,-35.000,-69.619,2.217,88.154,-6.949,72.860,14.217
29.912,-73.682,11.406,82.153,-9.468,81.498,-2.767,-35.000,-69.521,2.295,88.213,-7.182,72.762,14.376
29.912,-73.711,11.523,82.017,-9.687,81.672,-2.650,-35.000,-69.443,2.393,88.311,-7.421,72.649,14.559
29.893,-73.740,11.680,81.899,-9.917,81.831,-2.511,-35.000,-69.346,2.471,88.389,-7.655,72.534,14.723
29.893,-73.779,11.807,81.782,-10.136,81.998,-2.385,-35.000,-69.248,2.549,88.447,-7.889,72.439,14.885
29.893,-73.828,11.934,81.675,-10.354,82.165,-2.260,-35.000,-69.150,2.646,88.525,-8.131,72.329,15.072
29.893,-73.857,12.061,81.558,-10.575,82.324,-2.134,-35.000,-69.053,2.725,88.604,-8.366,72.217,15.239
29.893,-73.896,12.187,81.440,-10.793,82.494,-2.012,-35.000,-68.965,2.803,88.682,-8.601,72.115,15.406
29.893,-73.936,12.305,81.343,-11.009,82.643,-1.897,-35.000,-68.867,2.881,88.740,-8.836,72.024,15.572
29.893,-73.975,12.441,81.226,-11.230,82.815,-1.767,-35.000,-68.770,2.979,88.818,-9.079,71.918,15.763
29.893,-74.004,12.568,81.099,-11.450,82.987,-1.649,-35.000,-68.672,3.057,88.896,-9.316,71.810,15.934
29.893,-74.043,12.695,80.981,-11.667,83.159,-1.532,-35.000,-68.574,3.135,88.955,-9.553,71.723,16.103
29.873,-74.082,12.852,80.884,-11.893,83.316,-1.403,-35.000,-68.457,3.213,89.014,-9.792,71.617,16.277
29.873,-74.102,12.988,80.747,-12.117,83.492,-1.279,-35.000,-68.379,3.291,89.092,-10.028,71.531,16.448
29.873,-74.131,13.115,80.630,-12.336,83.657,-1.164,-35.000,-68.262,3.369,89.150,-10.268,71.427,16.624
29.868,-74.165,13.252,80.503,-12.556,83.838,-1.049,-35.000,-68.164,3.447,89.229,-10.507,71.324,16.801
29.868,-74.194,13.389,80.386,-12.778,84.007,-0.927,-35.000,-68.066,3.525,89.307,-10.746,71.222,16.979
29.868,-74.233,13.525,80.288,-12.997,84.167,-0.804,-35.000,-67.969,3.604,89.365,-10.985,71.140,17.154
29.868,-74.253,13.643,80.151,-13.215,84.342,-0.706,-35.000,-67.852,3.682,89.424,-11.226,71.040,17.334
29.858,-74.282,13.799,80.024,-13.440,84.525,-0.581,-35.000,-67.754,3.760,89.502,-11.467,70.941,17.515
29.858,-74.302,13.936,79.907,-13.663,84.688,-0.463,-35.000,-67.656,3.838,89.580,-11.708,70.844,17.697
29.858,-74.331,14.072,79.780,-13.884,84.869,-0.350,-35.000,-67.559,3.916,89.639,-11.948,70.766,17.876
29.858,-74.351,14.209,79.663,-14.106,85.033,-0.234,-35.000,-67.441,3.994,89.697,-12.191,70.670,18.061
29.858,-74.380,14.346,79.536,-14.326,85.217,-0.124,-35.000,-67.344,4.053,89.775,-12.427,70.572,18.226
29.858,-74.399,14.482,79.419,-14.548,85.382,-0.010,-35.000,-67.246,4.131,89.834,-12.668,70.497,18.407
29.858,-74.429,14.619,79.292,-14.768,85.567,0.097,-35.000,-67.129,4.209,89.893,-12.912,70.405,18.595
29.849,-74.438,14.775,79.165,-14.998,85.737,0.217,-35.000,-67.012,4.287,89.941,-13.156,70.323,18.780
29.839,-74.458,14.932,79.038,-15.224,85.917,0.332,-35.000,-66.914,4.346,90.020,-13.393,70.228,18.949
29.839,-74.478,15.068,78.911,-15.446,86.094,0.438,-35.000,-66.797,4.424,90.059,-13.637,70.158,19.135
29.829,-74.497,15.225,78.784,-15.672,86.276,0.551,-35.000,-66.699,4.502,90.137,-13.881,70.070,19.326
29.829,-74.517,15.361,78.667,-15.894,86.446,0.657,-35.000,-66.582,4.561,90.195,-14.121,69.978,19.498
29.829,-74.536,15.518,78.540,-16.120,86.631,0.777,-35.000,-66.475,4.639,90.254,-14.366,69.902,19.689
29.829,-74.546,15.654,78.403,-16.344,86.811,0.876,-35.000,-66.357,4.697,90.312,-14.606,69.812,19.863
29.829,-74.565,15.791,78.286,-16.565,86.983,0.978,-35.000,-66.260,4.775,90.391,-14.852,69.728,20.058
29.673,-74.565,16.162,78.149,-16.851,87.188,1.144,-35.000,-66.143,4.834,90.430,-15.091,69.660,20.228
29.673,-74.575,16.318,78.013,-17.079,87.377,1.257,-35.000,-66.025,4.912,90.488,-15.339,69.578,20.426
29.673,-74.585,16.455,77.876,-17.303,87.561,1.351,-35.000,-65.908,4.971,90.547,-15.580,69.493,20.603
29.673,-74.604,16.611,77.759,-17.528,87.741,1.465,-35.000,-65.811,5.029,90.625,-15.821,69.408,20.782
29.673,-74.604,16.748,77.622,-17.754,87.917,1.559,-35.000,-65.693,5.107,90.664,-16.068,69.349,20.976
29.673,-74.624,16.904,77.505,-17.980,88.099,1.670,-35.000,-65.576,5.166,90.723,-16.310,69.266,21.157
29.673,-74.624,17.061,77.368,-18.210,88.282,1.779,-35.000,-65.459,5.225,90.781,-16.553,69.185,21.339
29.673,-74.634,17.207,77.222,-18.436,88.481,1.871,-35.000,-65.342,5.303,90.840,-16.803,69.110,21.542
29.673,-74.634,17.363,77.085,-18.667,88.666,1.977,-35.000,-65.225,5.361,90.879,-17.045,69.050,21.719
29.673,-74.644,17.510,76.948,-18.892,88.857,2.070,-35.000,-65.107,5.420,90.937,-17.289,68.972,21.904
29.673,-74.644,17.666,76.812,-19.123,89.043,2.173,-35.000,-64.990,5.479,90.996,-17.533,68.894,22.089
29.673,-74.663,17.822,76.694,-19.348,89.229,2.276,-35.000,-64.873,5.537,91.035,-17.775,68.837,22.269
29.673,-74.663,17.979,76.577,-19.579,89.398,2.383,-35.000,-64.756,5.596,91.113,-18.023,68.743,22.463
29.673,-74.663,18.135,76.421,-19.809,89.605,2.475,-35.000,-64.639,5.674,91.152,-18.272,68.694,22.664
29.673,-74.663,18.291,76.284,-20.040,89.794,2.572,-35.000,-64.521,5.713,91.211,-18.511,68.615,22.833
29.673,-74.663,18.447,76.147,-20.271,89.983,2.668,-35.000,-64.404,5.771,91.270,-18.757,68.543,23.023
29.673,-74.663,18.604,76.030,-20.502,90.155,2.769,-35.000,-64.287,5.830,91.309,-19.000,68.491,23.207
29.673,-74.663,18.760,75.874,-20.732,90.364,2.855,-35.000,-64.170,5.889,91.367,-19.247,68.421,23.399
29.673,-74.663,18.916,75.757,-20.963,90.537,2.953,-35.000,-64.033,5.947,91.406,-19.495,68.353,23.592
29.673,-74.663,19.072,75.601,-21.194,90.748,3.036,-35.000,-63.916,6.006,91.445,-19.740,68.304,23.778
29.673,-74.663,19.238,75.483,-21.427,90.926,3.141,-35.000,-63.799,6.064,91.523,-19.989,68.219,23.979
29.673,-74.644,19.395,75.327,-21.665,91.120,3.226,-35.000,-63.682,6.123,91.562,-20.234,68.172,24.167
29.673,-74.644,19.570,75.190,-21.901,91.321,3.329,-35.000,-63.545,6.162,91.602,-20.477,68.102,24.344
29.673,-74.644,19.727,75.054,-22.132,91.516,3.413,-35.000,-63.428,6.221,91.660,-20.725,68.038,24.540
29.673,-74.634,19.893,74.917,-22.368,91.706,3.507,-35.000,-63.291,6.279,91.680,-20.973,67.995,24.731
29.683,-74.624,20.049,74.780,-22.603,91.896,3.600,-35.000,-63.174,6.338,91.738,-21.221,67.934,24.929
29.683,-74.604,20.225,74.624,-22.845,92.100,3.694,-35.000,-63.037,6.377,91.777,-21.465,67.867,25.109
29.683,-74.604,20.381,74.487,-23.077,92.297,3.772,-35.000,-62.920,6.436,91.816,-21.711,67.827,25.301
29.692,-74.590,20.537,74.351,-23.313,92.485,3.862,-35.000,-62.803,6.494,91.875,-21.960,67.769,25.502
29.697,-74.580,20.703,74.204,-23.551,92.689,3.950,-35.000,-62.676,6.533,91.934,-22.205,67.697,25.688
29.697,-74.561,20.879,74.048,-23.794,92.896,4.038,-35.000,-62.539,6.592,91.953,-22.454,67.660,25.882
29.707,-74.551,21.025,73.911,-24.027,93.086,4.113,-35.000,-62.402,6.631,91.992,-22.699,67.598,26.066
29.707,-74.531,21.201,73.765,-24.270,93.285,4.203,-35.000,-62.285,6.689,92.031,-22.946,67.563,26.262
29.707,-74.512,21.377,73.618,-24.514,93.485,4.290,-35.000,-62.148,6.729,92.070,-23.192,67.504,26.447
29.707,-74.492,21.553,73.462,-24.758,93.695,4.372,-35.000,-62.031,6.768,92.129,-23.435,67.445,26.633
29.707,-74.473,21.729,73.325,-25.002,93.887,4.461,-35.000,-61.895,6.826,92.168,-23.688,67.396,26.839
29.707,-74.453,21.904,73.169,-25.247,94.098,4.539,-35.000,-61.758,6.865,92.187,-23.931,67.357,27.019
29.707,-74.424,22.080,73.013,-25.495,94.301,4.619,-35.000,-61.641,6.904,92.246,-24.175,67.302,27.207
29.707,-74.404,22.266,72.876,-25.742,94.500,4.711,-35.000,-61.504,6.963,92.285,-24.428,67.256,27.416
29.707,-74.375,22.441,72.720,-25.991,94.704,4.788,-35.000,-61.367,7.002,92.324,-24.675,67.203,27.605
29.707,-74.355,22.627,72.573,-26.238,94.912,4.872,-35.000,-61.250,7.041,92.363,-24.916,67.168,27.787
29.707,-74.316,22.822,72.397,-26.496,95.135,4.957,-35.000,-61.094,7.090,92.383,-25.169,67.121,27.988
29.717,-74.297,22.979,72.261,-26.737,95.327,5.026,-35.000,-60.977,7.129,92.422,-25.411,67.089,28.171
29.736,-74.277,23.135,72.114,-26.978,95.532,5.099,-35.000,-60.840,7.168,92.461,-25.658,67.040,28.364
29.756,-74.248,23.291,71.958,-27.224,95.737,5.169,-35.000,-60.703,7.207,92.500,-25.906,66.992,28.558
29.775,-74.219,23.447,71.812,-27.469,95.934,5.242,-35.000,-60.566,7.246,92.520,-26.150,66.963,28.743
29.775,-74.189,23.633,71.655,-27.722,96.147,5.315,-35.000,-60.439,7.285,92.578,-26.399,66.909,28.943
29.775,-74.150,23.828,71.499,-27.981,96.356,5.397,-35.000,-60.303,7.324,92.598,-26.643,66.882,29.129
29.785,-74.121,24.004,71.343,-28.233,96.569,5.468,-35.000,-60.166,7.363,92.637,-26.891,66.838,29.325
29.810,-74.092,24.160,71.191,-28.479,96.774,5.536,-35.000,-60.029,7.402,92.676,-27.140,66.796,29.522
29.829,-74.053,24.316,71.025,-28.731,96.983,5.594,-35.000,-59.893,7.441,92.695,-27.384,66.772,29.710
29.829,-74.019,24.512,70.879,-28.989,97.190,5.673,-35.000,-59.756,7.480,92.734,-27.633,66.732,29.909
29.829,-73.979,24.707,70.718,-29.251,97.406,5.745,-35.000,-59.619,7.520,92.754,-27.877,66.710,30.098
29.829,-73.940,24.912,70.562,-29.515,97.623,5.825,-35.000,-59.473,7.559,92.773,-28.125,66.680,30.293
29.854,-73.901,25.068,70.405,-29.767,97.828,5.885,-35.000,-59.336,7.578,92.812,-28.368,66.634,30.474
29.854,-73.853,25.273,70.239,-30.036,98.046,5.960,-35.000,-59.199,7.617,92.852,-28.617,66.598,30.675
29.854,-73.818,25.469,70.083,-30.298,98.264,6.025,-35.000,-59.062,7.656,92.871,-28.861,66.580,30.867
29.854,-73.770,25.664,69.917,-30.566,98.479,6.088,-35.000,-58.926,7.676,92.910,-29.104,66.537,31.050
29.854,-73.721,25.879,69.761,-30.838,98.696,6.170,-35.000,-58.789,7.715,92.930,-29.349,66.522,31.243
29.854,-73.677,26.074,69.600,-31.105,98.912,6.230,-35.000,-58.633,7.754,92.949,-29.601,66.490,31.446
29.863,-73.628,26.270,69.434,-31.374,99.132,6.296,-35.000,-58.516,7.773,92.988,-29.836,66.467,31.621
29.863,-73.579,26.475,69.268,-31.646,99.354,6.359,-35.000,-58.359,7.812,93.008,-30.088,66.438,31.826
29.873,-73.530,26.670,69.106,-31.916,99.572,6.424,-35.000,-58.223,7.832,93.027,-30.327,66.416,32.002
29.902,-73.481,26.836,68.940,-32.180,99.787,6.478,-35.000,-58.066,7.871,93.047,-30.579,66.389,32.208
29.912,-73.428,27.031,68.784,-32.452,99.998,6.544,-35.000,-57.949,7.891,93.086,-30.815,66.370,32.385
29.922,-73.379,27.227,68.618,-32.724,100.221,6.600,-35.000,-57.793,7.930,93.105,-31.067,66.345,32.592
29.922,-73.379,27.227,68.618,-32.724,100.221,6.600,-35.000,-57.793,7.930,93.105,-31.067,66.345,32.592
29.922,-73.398,27.031,68.735,-32.467,100.018,6.536,-35.000,-57.949,7.891,93.086,-30.815,66.370,32.385
29.922,-73.452,26.826,68.892,-32.192,99.807,6.472,-35.000,-58.066,7.871,93.047,-30.579,66.389,32.208
29.922,-73.511,26.611,69.067,-31.911,99.580,6.407,-35.000,-58.223,7.832,93.027,-30.327,66.416,32.002
29.912,-73.560,26.416,69.224,-31.642,99.366,6.340,-35.000,-58.359,7.812,93.008,-30.088,66.438,31.826
29.912,-73.608,26.211,69.390,-31.369,99.145,6.277,-35.000,-58.516,7.773,92.988,-29.836,66.467,31.621
29.902,-73.657,26.016,69.556,-31.100,98.924,6.211,-35.000,-58.633,7.754,92.949,-29.601,66.490,31.446
29.902,-73.706,25.820,69.722,-30.831,98.708,6.152,-35.000,-58.789,7.715,92.930,-29.349,66.522,31.243
29.902,-73.755,25.605,69.878,-30.559,98.492,6.070,-35.000,-58.926,7.676,92.891,-29.100,66.554,31.040
29.873,-73.794,25.449,70.034,-30.305,98.284,6.010,-35.000,-59.053,7.656,92.852,-28.861,66.589,30.862
29.854,-73.833,25.283,70.200,-30.048,98.068,5.955,-35.000,-59.189,7.617,92.832,-28.616,66.607,30.670
29.854,-73.872,25.088,70.356,-29.786,97.854,5.887,-35.000,-59.346,7.578,92.832,-28.368,66.625,30.479
29.854,-73.911,24.893,70.513,-29.523,97.641,5.817,-35.000,-59.473,7.559,92.773,-28.125,66.680,30.293
29.854,-73.955,24.687,70.669,-29.257,97.428,5.735,-35.000,-59.609,7.520,92.734,-27.877,66.718,30.093
29.829,-73.989,24.531,70.825,-29.007,97.221,5.673,-35.000,-59.746,7.480,92.715,-27.632,66.740,29.904
29.819,-74.028,24.355,70.991,-28.751,97.006,5.609,-35.000,-59.883,7.441,92.676,-27.383,66.781,29.706
29.819,-74.062,24.160,71.138,-28.492,96.800,5.529,-35.000,-60.020,7.402,92.656,-27.139,66.805,29.518
29.819,-74.102,23.965,71.313,-28.231,96.573,5.459,-35.000,-60.166,7.363,92.637,-26.891,66.838,29.325
29.800,-74.131,23.809,71.450,-27.985,96.382,5.387,-35.000,-60.303,7.324,92.598,-26.643,66.882,29.129
29.800,-74.160,23.613,71.606,-27.729,96.165,5.307,-35.000,-60.439,7.285,92.559,-26.395,66.926,28.933
29.780,-74.189,23.457,71.763,-27.483,95.958,5.241,-35.000,-60.566,7.246,92.520,-26.150,66.963,28.743
29.761,-74.219,23.301,71.919,-27.237,95.752,5.173,-35.000,-60.703,7.207,92.500,-25.906,66.992,28.558
29.741,-74.248,23.145,72.065,-26.992,95.555,5.099,-35.000,-60.830,7.168,92.441,-25.658,67.049,28.360
29.731,-74.272,22.969,72.217,-26.745,95.346,5.019,-35.000,-60.967,7.129,92.422,-25.414,67.080,28.176
29.731,-74.312,22.773,72.393,-26.486,95.123,4.937,-35.000,-61.104,7.090,92.383,-25.166,67.130,27.984
29.722,-74.331,22.617,72.529,-26.246,94.931,4.866,-35.000,-61.240,7.051,92.344,-24.919,67.181,27.792
29.722,-74.351,22.441,72.676,-26.000,94.727,4.790,-35.000,-61.357,7.012,92.305,-24.678,67.216,27.611
29.702,-74.380,22.285,72.832,-25.756,94.524,4.712,-35.000,-61.504,6.953,92.285,-24.425,67.252,27.406
29.702,-74.399,22.109,72.979,-25.511,94.321,4.632,-35.000,-61.621,6.914,92.227,-24.181,67.306,27.217
29.683,-74.419,21.953,73.125,-25.271,94.120,4.550,-35.000,-61.758,6.875,92.187,-23.934,67.361,27.028
29.683,-74.438,21.777,73.271,-25.027,93.918,4.467,-35.000,-61.895,6.836,92.168,-23.691,67.399,26.849
29.683,-74.458,21.602,73.418,-24.783,93.716,4.383,-35.000,-62.012,6.777,92.109,-23.441,67.449,26.643
29.683,-74.478,21.426,73.564,-24.539,93.515,4.297,-35.000,-62.148,6.738,92.070,-23.195,67.507,26.457
29.683,-74.497,21.250,73.721,-24.295,93.306,4.214,-35.000,-62.285,6.680,92.031,-22.943,67.559,26.252
29.673,-74.517,21.094,73.867,-24.056,93.112,4.133,-35.000,-62.402,6.641,91.992,-22.702,67.602,26.076
29.673,-74.536,20.918,74.023,-23.812,92.904,4.046,-35.000,-62.539,6.582,91.953,-22.451,67.656,25.873
29.673,-74.546,20.752,74.150,-23.575,92.719,3.958,-35.000,-62.656,6.543,91.895,-22.208,67.719,25.690
29.673,-74.556,20.576,74.297,-23.335,92.513,3.867,-35.000,-62.793,6.484,91.855,-21.956,67.775,25.488
29.673,-74.575,20.400,74.453,-23.092,92.307,3.775,-35.000,-62.910,6.445,91.816,-21.717,67.821,25.315
29.673,-74.585,20.244,74.590,-22.857,92.118,3.695,-35.000,-63.047,6.387,91.777,-21.466,67.880,25.115
29.673,-74.604,20.068,74.746,-22.614,91.914,3.600,-35.000,-63.164,6.328,91.738,-21.220,67.921,24.923
29.673,-74.614,19.912,74.883,-22.380,91.727,3.516,-35.000,-63.291,6.289,91.680,-20.976,67.998,24.740
29.673,-74.614,19.736,75.020,-22.144,91.524,3.416,-35.000,-63.428,6.230,91.641,-20.726,68.060,24.543
29.673,-74.624,19.580,75.156,-21.909,91.338,3.330,-35.000,-63.545,6.172,91.602,-20.480,68.105,24.353
29.673,-74.629,19.414,75.298,-21.674,91.141,3.236,-35.000,-63.662,6.113,91.543,-20.233,68.169,24.157
29.663,-74.639,19.258,75.444,-21.440,90.944,3.141,-35.000,-63.799,6.055,91.504,-19.983,68.234,23.962
29.663,-74.658,19.102,75.601,-21.203,90.751,3.055,-35.000,-63.916,6.016,91.465,-19.746,68.289,23.795
29.663,-74.658,18.945,75.737,-20.972,90.559,2.965,-35.000,-64.033,5.957,91.406,-19.499,68.356,23.602
29.663,-74.658,18.770,75.874,-20.736,90.360,2.856,-35.000,-64.150,5.898,91.348,-19.252,68.425,23.409
29.663,-74.658,18.613,76.011,-20.506,90.170,2.763,-35.000,-64.287,5.840,91.309,-19.004,68.494,23.217
29.663,-74.658,18.457,76.147,-20.275,89.979,2.669,-35.000,-64.404,5.781,91.270,-18.760,68.546,23.033
29.663,-74.658,18.301,76.284,-20.044,89.790,2.573,-35.000,-64.521,5.723,91.211,-18.514,68.618,22.843
29.663,-74.658,18.145,76.421,-19.813,89.601,2.476,-35.000,-64.639,5.664,91.152,-18.269,68.691,22.654
29.663,-74.658,17.988,76.558,-19.582,89.413,2.377,-35.000,-64.756,5.605,91.113,-18.026,68.746,22.473
29.663,-74.658,17.832,76.714,-19.352,89.207,2.283,-35.000,-64.873,5.547,91.035,-17.779,68.840,22.279
29.663,-74.658,17.676,76.831,-19.121,89.039,2.175,-35.000,-64.990,5.488,90.996,-17.537,68.897,22.099
29.663,-74.658,17.520,76.987,-18.890,88.834,2.079,-35.000,-65.107,5.410,90.937,-17.285,68.969,21.894
29.663,-74.658,17.363,77.124,-18.660,88.649,1.974,-35.000,-65.225,5.352,90.898,-17.044,69.028,21.715
29.663,-74.648,17.207,77.251,-18.432,88.465,1.868,-35.000,-65.342,5.293,90.820,-16.798,69.126,21.526
29.663,-74.639,17.070,77.388,-18.209,88.278,1.781,-35.000,-65.459,5.234,90.781,-16.557,69.188,21.349
29.663,-74.619,16.914,77.505,-17.984,88.095,1.671,-35.000,-65.576,5.156,90.723,-16.307,69.264,21.147
29.663,-74.619,16.758,77.642,-17.753,87.913,1.561,-35.000,-65.693,5.098,90.684,-16.066,69.327,20.972
29.663,-74.609,16.621,77.778,-17.529,87.728,1.470,-35.000,-65.811,5.039,90.605,-15.822,69.430,20.787
29.663,-74.609,16.465,77.915,-17.299,87.547,1.357,-35.000,-65.908,4.980,90.547,-15.584,69.495,20.613
29.663,-74.590,16.318,78.052,-17.076,87.351,1.256,-35.000,-66.025,4.902,90.488,-15.335,69.576,20.415
29.663,-74.570,16.182,78.169,-16.855,87.178,1.157,-35.000,-66.143,4.844,90.449,-15.096,69.643,20.244
29.663,-74.570,16.025,78.306,-16.624,86.999,1.040,-35.000,-66.260,4.766,90.391,-14.848,69.726,20.048
29.673,-74.551,15.869,78.433,-16.398,86.814,0.933,-35.000,-66.377,4.707,90.332,-14.608,69.815,19.873
29.673,-74.531,15.732,78.550,-16.177,86.643,0.830,-35.000,-66.475,4.629,90.254,-14.362,69.899,19.679
29.673,-74.521,15.576,78.687,-15.948,86.457,0.711,-35.000,-66.592,4.570,90.215,-14.124,69.971,19.511
29.673,-74.502,15.439,78.823,-15.727,86.269,0.611,-35.000,-66.689,4.492,90.137,-13.879,70.058,19.318
29.673,-74.482,15.303,78.940,-15.506,86.099,0.504,-35.000,-66.807,4.414,90.078,-13.633,70.146,19.127
29.683,-74.468,15.146,79.072,-15.278,85.918,0.390,-35.000,-66.924,4.355,90.020,-13.395,70.240,18.957
29.692,-74.448,14.990,79.199,-15.051,85.738,0.275,-35.000,-67.021,4.277,89.941,-13.151,70.330,18.768
29.692,-74.429,14.854,79.316,-14.829,85.571,0.164,-35.000,-67.119,4.209,89.883,-12.913,70.405,18.595
29.702,-74.409,14.697,79.443,-14.602,85.392,0.045,-35.000,-67.236,4.131,89.824,-12.668,70.497,18.407
29.702,-74.380,14.561,79.570,-14.383,85.207,-0.063,-35.000,-67.354,4.062,89.785,-12.429,70.574,18.236
29.702,-74.360,14.424,79.687,-14.160,85.043,-0.178,-35.000,-67.451,3.984,89.687,-12.186,70.687,18.046
29.702,-74.331,14.287,79.814,-13.941,84.860,-0.289,-35.000,-67.549,3.906,89.629,-11.945,70.764,17.866
29.702,-74.312,14.150,79.932,-13.718,84.696,-0.406,-35.000,-67.666,3.838,89.570,-11.706,70.863,17.693
29.702,-74.282,14.014,80.059,-13.498,84.515,-0.521,-35.000,-67.764,3.760,89.492,-11.465,70.960,17.511
29.702,-74.258,13.877,80.186,-13.276,84.339,-0.637,-35.000,-67.861,3.682,89.434,-11.226,71.040,17.334
29.722,-74.229,13.721,80.303,-13.050,84.167,-0.756,-35.000,-67.979,3.604,89.375,-10.984,71.140,17.154
29.722,-74.204,13.584,80.425,-12.828,83.998,-0.876,-35.000,-68.076,3.525,89.297,-10.744,71.241,16.975
29.741,-74.165,13.428,80.522,-12.604,83.837,-1.000,-35.000,-68.164,3.447,89.219,-10.506,71.333,16.799
29.761,-74.146,13.271,80.659,-12.375,83.658,-1.120,-35.000,-68.262,3.369,89.160,-10.268,71.417,16.626
29.761,-74.116,13.135,80.776,-12.153,83.491,-1.245,-35.000,-68.379,3.291,89.102,-10.028,71.521,16.450
29.780,-74.087,12.979,80.903,-11.926,83.314,-1.368,-35.000,-68.477,3.213,89.023,-9.790,71.626,16.275
29.800,-74.048,12.822,81.001,-11.701,83.157,-1.497,-35.000,-68.574,3.135,88.945,-9.552,71.732,16.102
29.800,-74.019,12.686,81.128,-11.479,82.982,-1.623,-35.000,-68.652,3.057,88.867,-9.317,71.820,15.932
29.800,-73.979,12.559,81.245,-11.261,82.811,-1.742,-35.000,-68.770,2.979,88.828,-9.080,71.909,15.764
29.800,-73.950,12.432,81.362,-11.041,82.649,-1.863,-35.000,-68.867,2.900,88.750,-8.843,72.018,15.594
29.800,-73.911,12.314,81.479,-10.825,82.481,-1.975,-35.000,-68.945,2.803,88.652,-8.601,72.125,15.404
29.819,-73.872,12.158,81.597,-10.599,82.309,-2.106,-35.000,-69.062,2.725,88.613,-8.365,72.217,15.239
29.819,-73.833,12.021,81.694,-10.377,82.158,-2.243,-35.000,-69.141,2.646,88.516,-8.131,72.329,15.072
29.819,-73.794,11.904,81.812,-10.161,81.992,-2.359,-35.000,-69.238,2.568,88.437,-7.896,72.442,14.905
29.829,-73.765,11.768,81.938,-9.937,81.824,-2.484,-35.000,-69.336,2.471,88.359,-7.655,72.553,14.720
29.829,-73.716,11.641,82.046,-9.719,81.658,-2.612,-35.000,-69.424,2.393,88.281,-7.421,72.659,14.558
29.829,-73.677,11.523,82.153,-9.502,81.504,-2.733,-35.000,-69.521,2.295,88.223,-7.182,72.753,14.377
29.829,-73.638,11.396,82.271,-9.282,81.339,-2.863,-35.000,-69.619,2.217,88.145,-6.949,72.870,14.216
29.829,-73.589,11.279,82.378,-9.066,81.177,-2.985,-35.000,-69.707,2.119,88.066,-6.710,72.976,14.036
29.839,-73.550,11.143,82.495,-8.843,81.013,-3.118,-35.000,-69.785,2.041,87.969,-6.478,73.095,13.877
29.839,-73.481,11.025,82.563,-8.630,80.872,-3.246,-35.000,-69.883,1.963,87.910,-6.247,73.195,13.721
29.839,-73.452,10.908,82.700,-8.409,80.703,-3.369,-35.000,-69.980,1.865,87.832,-6.009,73.314,13.543
29.839,-73.413,10.781,82.817,-8.188,80.542,-3.506,-35.000,-70.059,1.768,87.754,-5.772,73.414,13.369
29.839,-73.364,10.664,82.925,-7.971,80.384,-3.634,-35.000,-70.156,1.689,87.676,-5.541,73.537,13.214
29.839,-73.315,10.547,83.032,-7.753,80.226,-3.763,-35.000,-70.234,1.592,87.598,-5.306,73.639,13.042
29.839,-73.267,10.430,83.140,-7.535,80.069,-3.894,-35.000,-70.312,1.504,87.500,-5.073,73.763,12.879
29.839,-73.218,10.312,83.247,-7.317,79.913,-4.026,-35.000,-70.410,1.406,87.422,-4.837,73.887,12.708
29.839,-73.169,10.195,83.354,-7.098,79.758,-4.159,-35.000,-70.488,1.328,87.344,-4.609,73.994,12.559
29.839,-73.120,10.078,83.462,-6.879,79.604,-4.293,-35.000,-70.586,1.230,87.266,-4.374,74.119,12.390
29.839,-73.071,9.961,83.560,-6.660,79.460,-4.430,-35.000,-70.664,1.133,87.187,-4.140,74.227,12.223
29.839,-73.013,9.844,83.657,-6.442,79.307,-4.567,-35.000,-70.742,1.035,87.109,-3.907,74.335,12.058
29.839,-72.964,9.736,83.774,-6.225,79.147,-4.694,-35.000,-70.820,0.937,87.012,-3.674,74.464,11.892
29.839,-72.905,9.619,83.872,-6.007,78.996,-4.833,-35.000,-70.918,0.850,86.953,-3.444,74.575,11.738
29.878,-72.856,9.453,83.979,-5.771,78.843,-4.984,-35.000,-70.996,0.752,86.855,-3.212,74.705,11.575
29.917,-72.808,9.287,84.087,-5.536,78.691,-5.136,-35.000,-71.074,0.654,86.777,-2.980,74.817,11.413
29.966,-72.749,9.111,84.185,-5.299,78.539,-5.290,-35.000,-71.152,0.557,86.680,-2.748,74.950,11.252
29.966,-72.700,8.994,84.282,-5.077,78.401,-5.435,-35.000,-71.230,0.459,86.602,-2.517,75.064,11.093
29.966,-72.632,8.896,84.380,-4.864,78.247,-5.560,-35.000,-71.309,0.361,86.504,-2.286,75.199,10.934
29.966,-72.583,8.779,84.487,-4.641,78.101,-5.707,-35.000,-71.387,0.264,86.426,-2.056,75.315,10.778
30.005,-72.524,8.623,84.585,-4.408,77.954,-5.855,-35.000,-71.465,0.166,86.328,-1.826,75.451,10.621
30.005,-72.466,8.506,84.683,-4.186,77.810,-6.004,-35.000,-71.543,0.068,86.250,-1.597,75.569,10.467
30.005,-72.388,8.408,84.761,-3.973,77.669,-6.135,-35.000,-71.621,-0.029,86.172,-1.368,75.688,10.313
30.005,-72.329,8.291,84.858,-3.750,77.526,-6.287,-35.000,-71.699,-0.127,86.074,-1.139,75.827,10.160
30.005,-72.271,8.193,84.976,-3.533,77.367,-6.419,-35.000,-71.758,-0.225,85.957,-0.911,75.967,10.009
30.005,-72.217,8.076,85.078,-3.309,77.226,-6.573,-35.000,-71.836,-0.342,85.879,-0.677,76.088,9.839
30.005,-72.148,7.979,85.176,-3.093,77.078,-6.707,-35.000,-71.914,-0.439,85.801,-0.449,76.211,9.690
30.005,-72.090,7.871,85.273,-2.872,76.940,-6.854,-35.000,-71.992,-0.537,85.723,-0.222,76.334,9.542
30.005,-72.021,7.773,85.361,-2.655,76.803,-6.992,-35.000,-72.070,-0.635,85.625,0.005,76.478,9.395
30.005,-71.953,7.656,85.459,-2.431,76.656,-7.150,-35.000,-72.129,-0.752,85.527,0.237,76.603,9.229
30.005,-71.890,7.559,85.557,-2.213,76.516,-7.290,-35.000,-72.207,-0.850,85.449,0.463,76.729,9.085
30.005,-71.821,7.461,85.645,-1.994,76.382,-7.431,-35.000,-72.256,-0.947,85.312,0.689,76.885,8.942
30.005,-71.743,7.363,85.723,-1.777,76.248,-7.573,-35.000,-72.324,-1.064,85.225,0.920,77.013,8.780
30.005,-71.685,7.256,85.820,-1.554,76.115,-7.727,-35.000,-72.402,-1.162,85.146,1.145,77.142,8.639
30.005,-71.606,7.158,85.898,-1.335,75.984,-7.871,-35.000,-72.471,-1.279,85.049,1.376,77.282,8.479
30.005,-71.528,7.061,85.996,-1.117,75.833,-8.017,-35.000,-72.529,-1.377,84.951,1.600,77.412,8.341
30.005,-71.470,6.943,86.094,-0.889,75.702,-8.184,-35.000,-72.607,-1.494,84.873,1.829,77.544,8.183
30.005,-71.392,6.865,86.172,-0.676,75.574,-8.312,-35.000,-72.666,-1.592,84.756,2.053,77.696,8.048
30.005,-71.313,6.768,86.270,-0.456,75.426,-8.461,-35.000,-72.725,-1.709,84.658,2.282,77.829,7.893
30.005,-71.255,6.650,86.367,-0.227,75.298,-8.631,-35.000,-72.783,-1.807,84.561,2.505,77.963,7.759
30.005,-71.177,6.572,86.445,-0.012,75.171,-8.762,-35.000,-72.861,-1.924,84.482,2.733,78.099,7.606
30.005,-71.099,6.455,86.543,0.215,75.026,-8.935,-35.000,-72.920,-2.041,84.365,2.961,78.255,7.456
30.005,-71.030,6.377,86.641,0.431,74.891,-9.069,-35.000,-72.969,-2.139,84.258,3.184,78.391,7.325
30.005,-70.952,6.279,86.719,0.654,74.767,-9.224,-35.000,-73.027,-2.256,84.160,3.411,78.529,7.176
30.005,-70.874,6.182,86.797,0.876,74.644,-9.380,-35.000,-73.096,-2.373,84.062,3.638,78.678,7.029
30.005,-70.796,6.084,86.875,1.099,74.521,-9.537,-35.000,-73.154,-2.490,83.965,3.865,78.818,6.882
30.005,-70.718,5.986,86.973,1.322,74.381,-9.695,-35.000,-73.213,-2.588,83.867,4.085,78.958,6.756
30.005,-70.640,5.908,87.051,1.539,74.260,-9.834,-35.000,-73.271,-2.705,83.750,4.311,79.119,6.614
30.005,-70.562,5.811,87.148,1.764,74.120,-9.995,-35.000,-73.320,-2.822,83.643,4.537,79.262,6.471
30.005,-70.483,5.713,87.227,1.988,74.002,-10.157,-35.000,-73.379,-2.939,83.545,4.763,79.405,6.329
30.005,-70.386,5.625,87.285,2.208,73.884,-10.309,-35.000,-73.433,-3.047,83.437,4.985,79.554,6.199
30.005,-70.308,5.527,87.383,2.434,73.747,-10.474,-35.000,-73.491,-3.164,83.340,5.210,79.699,6.059
30.005,-70.229,5.449,87.461,2.653,73.630,-10.618,-35.000,-73.540,-3.281,83.232,5.435,79.845,5.921
30.005,-70.151,5.352,87.559,2.880,73.496,-10.785,-35.000,-73.589,-3.398,83.125,5.659,79.992,5.784
30.005,-70.073,5.264,87.637,3.103,73.381,-10.942,-35.000,-73.647,-3.516,83.027,5.883,80.140,5.649
30.005,-69.976,5.186,87.715,3.322,73.248,-11.091,-35.000,-73.696,-3.633,82.920,6.107,80.288,5.514
30.005,-69.897,5.088,87.793,3.550,73.135,-11.260,-35.000,-73.745,-3.750,82.812,6.331,80.438,5.381
30.005,-69.819,5.000,87.891,3.775,73.004,-11.421,-35.000,-73.804,-3.867,82.715,6.554,80.588,5.249
30.005,-69.722,4.922,87.949,3.995,72.892,-11.572,-35.000,-73.843,-3.994,82.598,6.780,80.741,5.108
30.005,-69.644,4.824,88.027,4.223,72.783,-11.745,-35.000,-73.901,-4.111,82.500,7.002,80.893,4.979
30.005,-69.556,4.746,88.125,4.446,72.644,-11.900,-35.000,-73.940,-4.229,82.383,7.226,81.045,4.851
30.005,-69.468,4.648,88.203,4.675,72.526,-12.076,-35.000,-73.989,-4.365,82.275,7.453,81.201,4.704
30.005,-69.380,4.570,88.281,4.898,72.409,-12.232,-35.000,-74.038,-4.482,82.168,7.675,81.356,4.578
30.005,-69.282,4.492,88.340,5.120,72.301,-12.388,-35.000,-74.077,-4.600,82.051,7.898,81.511,4.454
30.005,-69.185,4.414,88.398,5.343,72.195,-12.545,-35.000,-74.126,-4.727,81.943,8.122,81.668,4.321
30.005,-69.106,4.316,88.496,5.574,72.072,-12.726,-35.000,-74.165,-4.854,81.826,8.346,81.827,4.190
30.005,-69.009,4.238,88.574,5.799,71.948,-12.888,-35.000,-74.214,-4.971,81.719,8.567,81.984,4.069
30.005,-68.931,4.160,88.652,6.024,71.844,-13.048,-35.000,-74.253,-5.098,81.602,8.791,82.144,3.940
30.005,-68.813,4.082,88.691,6.247,71.741,-13.210,-35.000,-74.292,-5.225,81.494,9.015,82.295,3.811
30.005,-68.735,4.004,88.789,6.474,71.620,-13.374,-35.000,-74.331,-5.352,81.377,9.239,82.456,3.684
30.005,-68.638,3.926,88.867,6.700,71.500,-13.540,-35.000,-74.370,-5.479,81.270,9.462,82.609,3.557
30.005,-68.540,3.848,88.926,6.925,71.400,-13.705,-35.000,-74.409,-5.605,81.152,9.685,82.772,3.433
30.005,-68.442,3.770,89.004,7.152,71.281,-13.873,-35.000,-74.448,-5.732,81.035,9.908,82.936,3.311
30.005,-68.354,3.672,89.082,7.386,71.176,-14.061,-35.000,-74.487,-5.869,80.928,10.134,83.093,3.178
30.005,-68.257,3.594,89.141,7.613,71.078,-14.229,-35.000,-74.526,-5.986,80.811,10.353,83.256,3.068
30.005,-68.169,3.535,89.229,7.835,70.960,-14.380,-35.000,-74.565,-6.123,80.693,10.578,83.424,2.939
30.005,-68.052,3.457,89.268,8.062,70.865,-14.550,-35.000,-74.595,-6.260,80.576,10.804,83.584,2.811
30.005,-67.974,3.379,89.365,8.292,70.751,-14.723,-35.000,-74.634,-6.387,80.459,11.026,83.751,2.695
30.005,-67.856,3.301,89.404,8.519,70.658,-14.895,-35.000,-74.673,-6.523,80.361,11.250,83.902,2.566
30.005,-67.769,3.223,89.502,8.750,70.536,-15.072,-35.000,-74.692,-6.641,80.225,11.471,84.070,2.463
30.005,-67.671,3.145,89.561,8.979,70.444,-15.246,-35.000,-74.727,-6.777,80.098,11.695,84.247,2.342
30.005,-67.554,3.086,89.619,9.202,70.331,-15.403,-35.000,-74.766,-6.914,80.000,11.919,84.400,2.218
30.005,-67.456,3.008,89.697,9.433,70.222,-15.582,-35.000,-74.785,-7.051,79.863,12.144,84.574,2.099
30.005,-67.368,2.930,89.775,9.665,70.124,-15.761,-35.000,-74.814,-7.187,79.746,12.369,84.738,1.979
30.005,-67.261,2.852,89.834,9.896,70.027,-15.940,-35.000,-74.844,-7.324,79.619,12.593,84.913,1.863
30.005,-67.163,2.793,89.893,10.120,69.937,-16.098,-35.000,-74.883,-7.461,79.521,12.815,85.070,1.744
30.005,-67.046,2.715,89.932,10.351,69.851,-16.278,-35.000,-74.902,-7.598,79.385,13.040,85.247,1.631
30.005,-66.948,2.656,90.010,10.577,69.743,-16.441,-35.000,-74.922,-7.734,79.258,13.265,85.415,1.516
30.005,-66.831,2.578,90.068,10.810,69.640,-16.627,-35.000,-74.951,-7.871,79.131,13.489,85.593,1.406
30.005,-66.733,2.520,90.146,11.038,69.535,-16.793,-35.000,-74.971,-8.008,79.014,13.713,85.752,1.292
30.005,-66.636,2.441,90.205,11.271,69.453,-16.976,-35.000,-74.995,-8.145,78.882,13.937,85.932,1.184
30.005,-66.519,2.363,90.264,11.505,69.353,-17.164,-35.000,-75.015,-8.281,78.755,14.161,86.103,1.075
30.005,-66.421,2.305,90.342,11.733,69.250,-17.333,-35.000,-75.039,-8.428,78.633,14.388,86.277,0.958
30.005,-66.313,2.246,90.400,11.961,69.157,-17.501,-35.000,-75.059,-8.564,78.506,14.612,86.449,0.852
30.005,-66.196,2.168,90.439,12.195,69.079,-17.688,-35.000,-75.078,-8.711,78.379,14.838,86.624,0.738
30.005,-66.079,2.109,90.479,12.422,68.998,-17.856,-35.000,-75.098,-8.848,78.262,15.062,86.789,0.632
30.005,-65.981,2.051,90.557,12.652,68.899,-18.029,-34.990,-75.117,-9.004,78.125,15.291,86.975,0.523
30.005,-65.864,1.973,90.615,12.889,68.805,-18.223,-34.990,-75.137,-9.160,78.008,15.520,87.146,0.401
30.005,-65.747,1.914,90.654,13.117,68.727,-18.394,-34.990,-75.146,-9.297,77.871,15.745,87.322,0.302
30.005,-65.649,1.855,90.732,13.348,68.631,-18.570,-34.990,-75.166,-9.443,77.744,15.971,87.501,0.195
30.005,-65.532,1.797,90.771,13.578,68.555,-18.742,-34.990,-75.186,-9.580,77.627,16.195,87.669,0.096
30.005,-65.415,1.738,90.830,13.809,68.460,-18.920,-34.990,-75.195,-9.736,77.480,16.424,87.861,-0.015
30.005,-65.298,1.660,90.889,14.048,68.371,-19.119,-34.990,-75.205,-9.873,77.354,16.650,88.031,-0.111
30.005,-65.200,1.602,90.967,14.280,68.279,-19.299,-34.990,-75.225,-10.029,77.236,16.878,88.206,-0.225
30.005,-65.083,1.543,91.006,14.511,68.207,-19.475,-34.990,-75.225,-10.176,77.090,17.107,88.389,-0.325
30.005,-64.966,1.484,91.064,14.744,68.116,-19.657,-34.990,-75.239,-10.322,76.953,17.333,88.577,-0.422
30.005,-64.849,1.426,91.104,14.975,68.046,-19.834,-34.990,-75.259,-10.479,76.836,17.561,88.754,-0.532
30.005,-64.731,1.367,91.162,15.208,67.957,-20.018,-34.990,-75.259,-10.615,76.699,17.788,88.927,-0.621
30.005,-64.614,1.309,91.201,15.440,67.888,-20.197,-34.990,-75.269,-10.771,76.562,18.018,89.115,-0.724
30.005,-64.497,1.270,91.260,15.667,67.797,-20.363,-34.990,-75.288,-10.928,76.445,18.245,89.295,-0.830
30.005,-64.380,1.191,91.318,15.909,67.716,-20.569,-34.990,-75.288,-11.084,76.309,18.477,89.476,-0.933
30.005,-64.263,1.152,91.357,16.135,67.645,-20.731,-34.990,-75.288,-11.240,76.172,18.708,89.657,-1.034
30.005,-64.146,1.094,91.416,16.370,67.562,-20.919,-34.990,-75.288,-11.387,76.035,18.937,89.836,-1.126
30.005,-64.028,1.035,91.455,16.604,67.498,-21.103,-34.990,-75.288,-11.543,75.879,19.169,90.037,-1.218
30.005,-63.911,0.977,91.533,16.842,67.398,-21.299,-34.990,-75.308,-11.699,75.762,19.397,90.220,-1.317
30.005,-63.794,0.937,91.572,17.069,67.330,-21.464,-34.990,-75.308,-11.855,75.645,19.628,90.386,-1.419
30.005,-63.677,0.879,91.631,17.306,67.251,-21.657,-34.990,-75.308,-12.012,75.488,19.860,90.589,-1.507
30.005,-63.560,0.820,91.670,17.540,67.191,-21.843,-34.990,-75.308,-12.168,75.371,20.092,90.756,-1.607
30.005,-63.423,0.781,91.709,17.770,67.108,-22.017,-34.990,-75.308,-12.324,75.215,20.324,90.961,-1.692
30.005,-63.306,0.723,91.748,18.005,67.050,-22.206,-34.990,-75.308,-12.480,75.098,20.555,91.129,-1.789
30.005,-63.188,0.664,91.807,18.244,66.974,-22.401,-34.990,-75.298,-12.637,74.941,20.789,91.326,-1.874
30.005,-63.052,0.625,91.846,18.474,66.894,-22.578,-34.990,-75.298,-12.793,74.805,21.021,91.514,-1.961
30.005,-62.935,0.566,91.885,18.711,66.839,-22.769,-34.990,-75.298,-12.969,74.668,21.258,91.709,-2.065
30.005,-62.817,0.527,91.943,18.942,66.760,-22.947,-34.990,-75.288,-13.125,74.531,21.492,91.889,-2.152
30.005,-62.681,0.469,91.963,19.179,66.708,-23.139,-34.990,-75.288,-13.291,74.395,21.727,92.083,-2.244
30.005,-62.563,0.430,92.021,19.411,66.631,-23.320,-34.990,-75.278,-13.447,74.248,21.961,92.273,-2.325
30.005,-62.427,0.381,92.041,19.644,66.577,-23.503,-34.990,-75.269,-13.623,74.102,22.201,92.472,-2.421
30.005,-62.310,0.342,92.100,19.877,66.502,-23.685,-34.990,-75.259,-13.779,73.955,22.436,92.664,-2.499
30.005,-62.173,0.283,92.139,20.118,66.435,-23.888,-34.990,-75.249,-13.955,73.818,22.675,92.854,-2.596
30.005,-62.056,0.244,92.178,20.348,66.381,-24.064,-34.990,-75.229,-14.111,73.662,22.913,93.047,-2.670
30.005,-61.919,0.205,92.217,20.582,66.309,-24.248,-34.990,-75.210,-14.287,73.506,23.155,93.248,-2.760
30.005,-61.802,0.166,92.256,20.813,66.256,-24.426,-34.990,-75.210,-14.453,73.379,23.391,93.437,-2.845
30.005,-61.665,0.107,92.295,21.055,66.193,-24.632,-34.990,-75.190,-14.629,73.232,23.633,93.631,-2.936
30.005,-61.548,0.068,92.334,21.286,66.143,-24.811,-35.000,-75.181,-14.785,73.086,23.869,93.829,-3.013
30.005,-61.401,0.029,92.354,21.519,66.084,-24.995,-35.000,-75.142,-14.961,72.910,24.117,94.033,-3.095
30.005,-61.284,-0.010,92.412,21.754,66.017,-25.183,-35.000,-75.142,-15.127,72.793,24.353,94.216,-3.178
30.005,-61.147,-0.049,92.451,21.990,65.951,-25.373,-35.000,-75.122,-15.303,72.637,24.597,94.420,-3.258
30.005,-61.030,-0.088,92.490,22.222,65.904,-25.555,-35.000,-75.103,-15.479,72.490,24.841,94.617,-3.341
30.005,-60.894,-0.127,92.529,22.458,65.840,-25.746,-35.010,-75.083,-15.635,72.344,25.080,94.810,-3.414
30.005,-60.757,-0.166,92.549,22.691,65.795,-25.929,-35.010,-75.063,-15.811,72.197,25.324,95.008,-3.493
30.005,-60.620,-0.205,92.588,22.927,65.733,-26.122,-35.010,-75.034,-15.986,72.041,25.571,95.206,-3.570
30.005,-60.503,-0.244,92.627,23.160,65.690,-26.307,-35.010,-75.015,-16.162,71.885,25.817,95.414,-3.642
30.005,-60.347,-0.283,92.646,23.397,65.630,-26.501,-35.010,-74.985,-16.348,71.738,26.066,95.609,-3.728
30.005,-60.229,-0.322,92.686,23.630,65.589,-26.687,-35.010,-74.966,-16.523,71.582,26.312,95.818,-3.797
30.005,-60.093,-0.361,92.725,23.867,65.531,-26.882,-35.029,-74.937,-16.680,71.436,26.555,96.009,-3.873
30.005,-59.956,-0.400,92.744,24.101,65.492,-27.070,-35.029,-74.907,-16.855,71.279,26.804,96.210,-3.942
30.005,-59.819,-0.420,92.783,24.332,65.428,-27.247,-35.039,-74.878,-17.031,71.123,27.053,96.416,-4.018
30.005,-59.692,-0.459,92.822,24.567,65.382,-27.441,-35.044,-74.854,-17.207,70.972,27.301,96.620,-4.088
30.005,-59.556,-0.498,92.842,24.802,65.346,-27.630,-35.063,-74.814,-17.363,70.796,27.550,96.831,-4.148
30.005,-59.419,-0.518,92.881,25.033,65.285,-27.810,-35.063,-74.795,-17.549,70.659,27.799,97.030,-4.224
30.005,-59.282,-0.557,92.900,25.267,65.251,-28.001,-35.083,-74.756,-17.705,70.503,28.047,97.224,-4.289
30.005,-59.146,-0.596,92.939,25.506,65.200,-28.202,-35.083,-74.727,-17.891,70.347,28.301,97.433,-4.356
30.005,-59.009,-0.615,92.959,25.733,65.159,-28.374,-35.083,-74.687,-18.086,70.190,28.559,97.638,-4.433
30.005,-58.872,-0.654,92.979,25.968,65.128,-28.567,-35.083,-74.648,-18.281,70.015,28.820,97.861,-4.498
30.005,-58.716,-0.674,92.998,26.200,65.071,-28.751,-35.083,-74.609,-18.467,69.868,29.076,98.054,-4.568
30.005,-58.599,-0.713,93.037,26.435,65.042,-28.944,-35.083,-74.580,-18.652,69.712,29.332,98.266,-4.628
30.005,-58.442,-0.732,93.037,26.664,65.005,-29.120,-35.083,-74.536,-18.848,69.551,29.594,98.473,-4.697
30.005,-58.315,-0.771,93.086,26.903,64.960,-29.324,-35.083,-74.497,-19.043,69.390,29.855,98.685,-4.762
30.005,-58.179,-0.791,93.105,27.131,64.925,-29.501,-35.083,-74.453,-19.238,69.229,30.118,98.894,-4.827
30.005,-58.022,-0.811,93.125,27.364,64.873,-29.688,-35.083,-74.404,-19.434,69.062,30.384,99.103,-4.890
30.005,-58.022,-0.811,93.125,27.364,64.873,-29.688,-35.083,-74.404,-19.434,69.062,30.384,99.103,-4.890
30.005,-58.179,-0.791,93.105,27.131,64.925,-29.501,-35.083,-74.424,-19.258,69.180,30.134,98.920,-4.830
30.005,-58.296,-0.762,93.066,26.900,64.956,-29.315,-35.083,-74.463,-19.053,69.336,29.870,98.706,-4.756
30.005,-58.452,-0.742,93.066,26.671,64.992,-29.139,-35.083,-74.507,-18.857,69.497,29.607,98.498,-4.689
30.005,-58.589,-0.703,93.027,26.432,65.038,-28.935,-35.083,-74.546,-18.662,69.663,29.346,98.282,-4.624
30.005,-58.726,-0.684,92.988,26.200,65.093,-28.751,-35.063,-74.585,-18.506,69.819,29.095,98.085,-4.567
30.005,-58.853,-0.645,92.959,25.965,65.124,-28.557,-35.063,-74.624,-18.311,69.976,28.836,97.879,-4.494
30.005,-58.989,-0.625,92.939,25.737,65.163,-28.384,-35.063,-74.658,-18.125,70.132,28.580,97.673,-4.430
30.005,-59.146,-0.586,92.939,25.502,65.196,-28.192,-35.059,-74.692,-17.939,70.293,28.324,97.462,-4.361
30.005,-59.263,-0.557,92.881,25.267,65.251,-28.001,-35.039,-74.727,-17.783,70.449,28.077,97.263,-4.299
30.005,-59.419,-0.518,92.881,25.033,65.285,-27.810,-35.029,-74.756,-17.607,70.605,27.826,97.055,-4.230
30.005,-59.536,-0.498,92.822,24.802,65.346,-27.630,-35.010,-74.785,-17.451,70.762,27.580,96.852,-4.167
30.005,-59.692,-0.459,92.822,24.567,65.382,-27.441,-34.990,-74.814,-17.295,70.918,27.335,96.650,-4.102
30.005,-59.829,-0.420,92.783,24.330,65.437,-27.243,-34.971,-74.844,-17.139,71.074,27.090,96.449,-4.035
30.005,-59.956,-0.400,92.744,24.101,65.492,-27.070,-34.951,-74.873,-16.982,71.221,26.846,96.256,-3.963
30.005,-60.093,-0.361,92.705,23.864,65.549,-26.874,-34.951,-74.902,-16.807,71.387,26.597,96.046,-3.899
30.005,-60.210,-0.322,92.666,23.630,65.589,-26.687,-34.951,-74.932,-16.621,71.533,26.346,95.850,-3.816
30.005,-60.347,-0.283,92.646,23.397,65.630,-26.501,-34.951,-74.951,-16.445,71.689,26.100,95.641,-3.748
30.005,-60.503,-0.244,92.627,23.160,65.690,-26.307,-34.951,-74.976,-16.260,71.836,25.852,95.441,-3.663
30.005,-60.620,-0.205,92.588,22.927,65.733,-26.122,-34.951,-75.015,-16.084,72.012,25.601,95.233,-3.594
30.005,-60.757,-0.166,92.549,22.691,65.795,-25.929,-34.951,-75.024,-15.908,72.139,25.359,95.044,-3.511
30.005,-60.894,-0.127,92.529,22.458,65.840,-25.746,-34.951,-75.049,-15.732,72.290,25.113,94.846,-3.432
30.005,-61.011,-0.088,92.471,22.222,65.904,-25.555,-34.951,-75.068,-15.557,72.446,24.869,94.640,-3.356
30.005,-61.147,-0.049,92.432,21.987,65.969,-25.365,-34.951,-75.088,-15.381,72.593,24.625,94.443,-3.273
30.005,-61.274,-0.010,92.393,21.753,66.026,-25.179,-34.951,-75.107,-15.205,72.739,24.381,94.247,-3.189
30.005,-61.401,0.029,92.354,21.519,66.084,-24.995,-34.946,-75.127,-15.039,72.886,24.140,94.054,-3.108
30.005,-61.538,0.068,92.334,21.288,66.133,-24.815,-34.946,-75.146,-14.863,73.042,23.897,93.850,-3.025
30.005,-61.675,0.107,92.295,21.053,66.202,-24.628,-34.946,-75.166,-14.707,73.198,23.658,93.655,-2.957
30.005,-61.792,0.146,92.256,20.822,66.254,-24.450,-34.946,-75.176,-14.531,73.335,23.418,93.461,-2.866
30.005,-61.929,0.205,92.217,20.581,66.318,-24.245,-34.946,-75.195,-14.355,73.491,23.175,93.259,-2.778
30.005,-62.046,0.244,92.178,20.350,66.371,-24.068,-34.946,-75.205,-14.189,73.628,22.938,93.071,-2.692
30.005,-62.183,0.283,92.139,20.116,66.444,-23.884,-34.937,-75.215,-14.033,73.765,22.703,92.884,-2.605
30.005,-62.300,0.342,92.100,19.879,66.493,-23.689,-34.937,-75.234,-13.857,73.921,22.461,92.684,-2.512
30.005,-62.427,0.381,92.041,19.644,66.577,-23.503,-34.937,-75.254,-13.701,74.077,22.223,92.492,-2.435
30.005,-62.554,0.420,92.002,19.413,66.643,-23.326,-34.937,-75.254,-13.545,74.214,21.991,92.301,-2.356
30.005,-62.671,0.479,91.963,19.176,66.695,-23.133,-34.937,-75.254,-13.369,74.351,21.754,92.103,-2.257
30.005,-62.808,0.518,91.924,18.945,66.773,-22.954,-34.937,-75.264,-13.213,74.487,21.519,91.922,-2.171
30.005,-62.925,0.576,91.885,18.708,66.827,-22.762,-34.937,-75.264,-13.047,74.624,21.285,91.729,-2.078
30.005,-63.052,0.615,91.826,18.475,66.915,-22.581,-34.937,-75.283,-12.891,74.780,21.048,91.540,-1.994
30.005,-63.169,0.674,91.787,18.240,66.971,-22.391,-34.937,-75.283,-12.715,74.917,20.812,91.345,-1.889
30.005,-63.306,0.713,91.748,18.009,67.053,-22.216,-34.937,-75.283,-12.559,75.054,20.580,91.158,-1.800
30.005,-63.423,0.771,91.709,17.774,67.111,-22.027,-34.937,-75.303,-12.402,75.210,20.344,90.971,-1.711
30.005,-63.540,0.830,91.650,17.536,67.188,-21.833,-34.937,-75.303,-12.246,75.366,20.112,90.767,-1.626
30.005,-63.657,0.869,91.602,17.308,67.263,-21.664,-34.937,-75.303,-12.090,75.483,19.880,90.599,-1.527
30.005,-63.794,0.928,91.562,17.071,67.342,-21.471,-34.937,-75.303,-11.934,75.640,19.649,90.396,-1.439
30.005,-63.911,0.986,91.523,16.837,67.404,-21.286,-34.937,-75.303,-11.777,75.776,19.417,90.212,-1.343
30.005,-64.028,1.025,91.465,16.608,67.491,-21.116,-34.937,-75.303,-11.621,75.913,19.185,90.029,-1.245
30.005,-64.146,1.084,91.426,16.375,67.555,-20.933,-34.937,-75.303,-11.465,76.050,18.954,89.846,-1.147
30.005,-64.263,1.143,91.367,16.139,67.639,-20.744,-34.937,-75.303,-11.309,76.187,18.723,89.664,-1.046
30.005,-64.380,1.201,91.328,15.907,67.704,-20.562,-34.937,-75.293,-11.152,76.333,18.493,89.464,-0.950
30.005,-64.497,1.260,91.270,15.672,67.790,-20.376,-34.937,-75.293,-10.996,76.470,18.262,89.283,-0.847
30.005,-64.614,1.318,91.211,15.438,67.876,-20.190,-34.937,-75.273,-10.840,76.587,18.034,89.103,-0.742
30.005,-64.731,1.377,91.172,15.206,67.945,-20.011,-34.937,-75.273,-10.703,76.724,17.807,88.930,-0.654
30.005,-64.849,1.436,91.113,14.972,68.034,-19.827,-34.937,-75.264,-10.547,76.860,17.578,88.742,-0.549
30.005,-64.966,1.494,91.074,14.741,68.104,-19.649,-34.937,-75.254,-10.391,76.997,17.348,88.555,-0.443
30.005,-65.083,1.553,90.996,14.506,68.214,-19.462,-34.937,-75.234,-10.254,77.114,17.125,88.384,-0.350
30.005,-65.181,1.611,90.937,14.275,68.286,-19.286,-34.937,-75.234,-10.098,77.251,16.893,88.207,-0.239
30.005,-65.298,1.670,90.879,14.043,68.379,-19.106,-34.937,-75.225,-9.941,77.388,16.664,88.023,-0.128
30.005,-65.415,1.729,90.840,13.813,68.453,-18.932,-34.937,-75.205,-9.805,77.505,16.440,87.853,-0.031
30.005,-65.532,1.787,90.781,13.582,68.547,-18.754,-34.937,-75.195,-9.658,77.651,16.213,87.663,0.070
30.005,-65.649,1.865,90.742,13.346,68.619,-18.562,-34.937,-75.186,-9.502,77.778,15.983,87.490,0.187
30.005,-65.767,1.924,90.684,13.115,68.715,-18.386,-34.937,-75.166,-9.365,77.915,15.760,87.304,0.283
30.005,-65.864,1.982,90.605,12.885,68.813,-18.211,-34.946,-75.156,-9.209,78.042,15.529,87.135,0.394
30.005,-65.981,2.041,90.566,12.657,68.892,-18.041,-34.946,-75.137,-9.062,78.169,15.303,86.957,0.504
30.005,-66.099,2.109,90.508,12.424,68.989,-17.858,-34.946,-75.117,-8.926,78.286,15.079,86.792,0.608
30.005,-66.196,2.168,90.430,12.194,69.089,-17.686,-34.946,-75.098,-8.779,78.423,14.853,86.606,0.719
30.005,-66.294,2.246,90.371,11.960,69.167,-17.499,-34.946,-75.078,-8.643,78.540,14.629,86.442,0.826
30.005,-66.411,2.305,90.332,11.733,69.250,-17.333,-34.946,-75.059,-8.496,78.677,14.403,86.258,0.939
30.005,-66.528,2.383,90.273,11.498,69.349,-17.144,-34.946,-75.039,-8.359,78.794,14.178,86.096,1.049
30.005,-66.616,2.441,90.186,11.270,69.453,-16.976,-34.946,-75.020,-8.213,78.921,13.952,85.923,1.167
30.005,-66.733,2.520,90.146,11.038,69.535,-16.793,-34.946,-74.990,-8.076,79.048,13.729,85.743,1.275
30.005,-66.851,2.578,90.088,10.811,69.640,-16.627,-34.946,-74.971,-7.939,79.175,13.504,85.574,1.387
30.005,-66.948,2.656,90.010,10.577,69.743,-16.441,-34.946,-74.932,-7.803,79.272,13.282,85.415,1.502
30.005,-67.046,2.715,89.932,10.351,69.851,-16.278,-34.946,-74.917,-7.666,79.419,13.057,85.233,1.613
30.005,-67.144,2.793,89.873,10.119,69.937,-16.098,-34.946,-74.893,-7.529,79.541,12.832,85.065,1.728
30.005,-67.261,2.852,89.834,9.896,70.027,-15.940,-34.946,-74.854,-7.393,79.639,12.609,84.909,1.848
30.005,-67.358,2.930,89.756,9.664,70.134,-15.759,-34.946,-74.834,-7.256,79.775,12.384,84.733,1.964
30.005,-67.456,3.008,89.678,9.432,70.242,-15.579,-34.946,-74.805,-7.119,79.902,12.160,84.559,2.081
30.005,-67.554,3.086,89.619,9.202,70.331,-15.403,-34.946,-74.766,-6.982,80.000,11.937,84.405,2.204
30.005,-67.671,3.145,89.561,8.979,70.444,-15.246,-34.946,-74.746,-6.846,80.137,11.711,84.232,2.324
30.005,-67.769,3.223,89.482,8.749,70.555,-15.069,-34.946,-74.717,-6.719,80.264,11.489,84.062,2.436
30.005,-67.856,3.301,89.404,8.519,70.658,-14.895,-34.946,-74.683,-6.582,80.381,11.265,83.895,2.560
30.005,-67.954,3.379,89.346,8.291,70.751,-14.723,-34.946,-74.653,-6.455,80.498,11.042,83.736,2.677
30.005,-68.052,3.457,89.268,8.062,70.865,-14.550,-34.946,-74.614,-6.318,80.615,10.818,83.567,2.803
30.005,-68.149,3.535,89.209,7.834,70.960,-14.380,-34.946,-74.585,-6.191,80.732,10.595,83.409,2.922
30.005,-68.257,3.594,89.150,7.614,71.069,-14.230,-34.946,-74.546,-6.064,80.850,10.373,83.243,3.041
30.005,-68.354,3.672,89.072,7.386,71.185,-14.060,-34.946,-74.507,-5.928,80.957,10.148,83.085,3.172
30.005,-68.452,3.750,89.014,7.160,71.284,-13.893,-34.946,-74.473,-5.806,81.079,9.926,82.921,3.288
30.005,-68.550,3.828,88.936,6.933,71.402,-13.725,-34.946,-74.434,-5.679,81.196,9.703,82.757,3.411
30.005,-68.638,3.926,88.857,6.699,71.509,-13.539,-34.946,-74.395,-5.542,81.304,9.477,82.602,3.546
30.005,-68.735,4.004,88.779,6.473,71.630,-13.373,-34.946,-74.355,-5.425,81.421,9.257,82.442,3.662
30.005,-68.813,4.082,88.701,6.247,71.732,-13.211,-34.946,-74.316,-5.298,81.538,9.033,82.280,3.788
30.005,-68.911,4.160,88.623,6.022,71.854,-13.047,-34.946,-74.258,-5.181,81.616,8.814,82.140,3.910
30.005,-69.009,4.238,88.564,5.798,71.958,-12.887,-34.946,-74.219,-5.044,81.733,8.587,81.979,4.048
30.005,-69.106,4.316,88.486,5.574,72.082,-12.725,-34.946,-74.180,-4.927,81.851,8.366,81.821,4.169
30.005,-69.185,4.395,88.408,5.350,72.187,-12.567,-34.946,-74.141,-4.810,81.968,8.144,81.664,4.291
30.005,-69.282,4.492,88.330,5.120,72.311,-12.387,-34.946,-74.102,-4.673,82.085,7.916,81.505,4.433
30.005,-69.360,4.570,88.252,4.896,72.418,-12.231,-34.946,-74.053,-4.556,82.202,7.695,81.340,4.556
30.005,-69.458,4.648,88.174,4.674,72.546,-12.074,-34.946,-74.014,-4.429,82.310,7.469,81.194,4.693
30.005,-69.536,4.746,88.096,4.444,72.653,-11.900,-34.946,-73.965,-4.312,82.417,7.247,81.040,4.820
30.005,-69.634,4.824,88.018,4.223,72.783,-11.745,-34.946,-73.916,-4.194,82.524,7.025,80.887,4.948
30.005,-69.712,4.922,87.939,3.994,72.892,-11.572,-34.946,-73.867,-4.067,82.632,6.799,80.734,5.087
30.005,-69.810,5.000,87.861,3.773,73.023,-11.420,-34.946,-73.818,-3.950,82.739,6.576,80.583,5.218
30.005,-69.888,5.078,87.783,3.552,73.136,-11.270,-34.946,-73.770,-3.833,82.847,6.353,80.432,5.350
30.005,-69.976,5.176,87.705,3.325,73.258,-11.100,-34.946,-73.711,-3.716,82.944,6.130,80.283,5.483
30.005,-70.054,5.264,87.627,3.101,73.372,-10.943,-34.946,-73.662,-3.599,83.052,5.906,80.134,5.618
30.005,-70.151,5.361,87.549,2.876,73.505,-10.774,-34.946,-73.613,-3.472,83.169,5.679,79.975,5.762
30.005,-70.229,5.439,87.471,2.657,73.621,-10.629,-34.946,-73.564,-3.354,83.276,5.455,79.828,5.899
30.005,-70.308,5.537,87.393,2.431,73.737,-10.464,-34.946,-73.506,-3.237,83.374,5.231,79.682,6.037
30.005,-70.386,5.615,87.295,2.212,73.874,-10.320,-34.946,-73.457,-3.120,83.481,5.005,79.537,6.177
30.005,-70.464,5.713,87.217,1.987,73.992,-10.157,-34.946,-73.398,-3.003,83.579,4.780,79.392,6.317
30.005,-70.562,5.811,87.139,1.764,74.130,-9.995,-34.946,-73.340,-2.886,83.677,4.555,79.249,6.459
30.005,-70.630,5.908,87.041,1.538,74.260,-9.834,-34.946,-73.281,-2.769,83.774,4.329,79.106,6.602
30.005,-70.708,5.986,86.963,1.321,74.381,-9.695,-34.946,-73.223,-2.671,83.872,4.109,78.965,6.727
30.005,-70.786,6.084,86.885,1.098,74.502,-9.537,-34.946,-73.164,-2.554,83.989,3.883,78.805,6.871
30.005,-70.864,6.182,86.787,0.875,74.644,-9.380,-34.946,-73.110,-2.437,84.092,3.656,78.665,7.017
30.005,-70.942,6.279,86.709,0.652,74.767,-9.224,-34.946,-73.052,-2.319,84.189,3.429,78.526,7.165
30.005,-71.021,6.377,86.631,0.430,74.891,-9.069,-34.946,-72.993,-2.222,84.287,3.208,78.388,7.294
30.005,-71.099,6.455,86.533,0.215,75.036,-8.935,-34.946,-72.925,-2.104,84.385,2.980,78.241,7.444
30.005,-71.177,6.572,86.455,-0.012,75.161,-8.762,-34.946,-72.866,-1.987,84.482,2.752,78.105,7.595
30.005,-71.255,6.660,86.377,-0.230,75.288,-8.621,-34.946,-72.798,-1.890,84.580,2.530,77.960,7.728
30.005,-71.323,6.758,86.279,-0.451,75.425,-8.471,-34.946,-72.739,-1.772,84.678,2.301,77.825,7.882
30.005,-71.401,6.855,86.201,-0.671,75.554,-8.321,-34.946,-72.671,-1.675,84.775,2.078,77.683,8.016
30.005,-71.470,6.953,86.104,-0.892,75.693,-8.173,-34.946,-72.612,-1.558,84.873,1.849,77.550,8.173
30.005,-71.538,7.051,86.006,-1.112,75.833,-8.027,-34.946,-72.534,-1.440,84.951,1.619,77.418,8.330
30.005,-71.616,7.148,85.918,-1.331,75.973,-7.881,-34.946,-72.476,-1.343,85.068,1.395,77.268,8.468
30.005,-71.675,7.266,85.820,-1.558,76.106,-7.717,-34.946,-72.417,-1.235,85.166,1.167,77.138,8.618
30.005,-71.753,7.363,85.732,-1.776,76.248,-7.573,-34.946,-72.339,-1.138,85.244,0.943,77.009,8.759
